City,Restaurant_Count,Avg_Rating,Median_Rating,Avg_Cost_INR,Median_Cost_INR,Avg_Price_Range,Total_Votes,Avg_Log_Votes,Delivery_Restaurants,Booking_Restaurants,Expensive_Restaurants,Valid_Coordinate_Count,Dominant_Cost_Category,Dominant_Rating_Category,Dominant_Popularity_Category,Most_Common_Cuisine,Unique_Cuisine_Count,Delivery_Percentage,Booking_Percentage,Expensive_Percentage
New Delhi,5473,2.4388452402704184,3.1,596.0880687008953,400.0,1.6215969303855289,628340,2.9954523290201336,1489,715,765,5240,Medium,Average,Low,North Indian,81,27.21,13.06,13.98
Gurgaon,1118,2.6514311270125224,3.2,714.0161001788908,500.0,1.8559928443649374,132160,3.2205663656925503,425,204,225,1070,Medium,Average,Low,North Indian,71,38.01,18.25,20.13
Noida,1080,2.0362037037037037,2.8,539.4907407407408,450.0,1.6018518518518519,73488,2.560159538129235,364,112,114,987,Medium,Average,Low,North Indian,49,33.7,10.37,10.56
Faridabad,251,1.8669322709163347,2.8,447.60956175298804,400.0,1.454183266932271,6486,2.0244262822721586,35,15,14,229,Medium,Average,Low,North Indian,30,13.94,5.98,5.58
Ghaziabad,25,2.852,3.2,602.0,500.0,1.8,2366,3.737777010557573,10,3,3,25,Medium,Average,Low,North Indian,14,40.0,12.0,12.0
Bhubaneshwar,21,3.9809523809523806,4.0,678.5714285714286,500.0,1.8571428571428572,4243,5.148465789083821,0,0,3,17,Medium,Good,Medium,Chinese,19,0.0,0.0,14.29
Guwahati,21,4.190476190476191,4.1,821.4285714285714,700.0,2.5238095238095237,4964,5.19894676509046,0,0,10,15,Medium,Excellent,High,Chinese,18,0.0,0.0,47.62
Lucknow,21,4.1952380952380945,4.2,859.5238095238095,1000.0,2.5714285714285716,9130,5.743681360024094,0,0,12,17,Premium,Excellent,High,Cafe,18,0.0,0.0,57.14
Ahmedabad,21,4.161904761904762,4.2,857.1428571428571,900.0,2.5714285714285716,12266,6.066987757474751,11,0,12,21,Premium,Excellent,High,Continental,21,52.38,0.0,57.14
Amritsar,21,3.6857142857142855,3.6,480.95238095238096,500.0,1.8095238095238095,3665,4.796511795822765,0,0,3,17,Medium,Average,Medium,North Indian,11,0.0,0.0,14.29
Valdosta,20,3.715,3.75,2790.7425,2385.25,2.25,4200,5.240497026821131,0,0,7,20,Luxury,Good,High,Mexican,21,0.0,0.0,35.0
Agra,20,3.965,3.95,1110.0,825.0,2.65,2062,4.5447040526761775,0,0,11,14,Premium,Good,Medium,North Indian,14,0.0,0.0,55.0
Nagpur,20,3.965,4.0,715.0,575.0,2.3,3456,4.846303809645396,10,0,8,19,Medium,Good,High,Chinese,13,50.0,0.0,40.0
Mysore,20,3.6950000000000003,3.7,814.5,700.0,2.45,4258,5.211586704569705,0,0,8,19,Medium,Good,High,North Indian,15,0.0,0.0,40.0
Mumbai,20,4.085,4.0,1072.5,1000.0,2.75,29697,6.810953670076368,7,9,15,20,Premium,Good,Very High,Italian,26,35.0,45.0,75.0
Mangalore,20,3.745,3.7,782.5,700.0,2.5,4367,5.329926087899439,0,0,9,11,Medium,Good,High,North Indian,14,0.0,0.0,45.0
Manchester,20,4.045,4.1,6291.6875,5429.375,2.7,4076,4.747882297229358,0,2,11,20,Luxury,Excellent,Medium,American,21,0.0,10.0,55.0
Macon,20,4.115,4.1,2599.9224999999997,2385.25,2.05,5272,5.497274253681537,0,0,5,20,Luxury,Excellent,High,Sushi,23,0.0,0.0,25.0
Ludhiana,20,3.9799999999999995,3.9,1160.0,1200.0,2.65,2861,4.7925723019610285,0,0,13,18,Premium,Excellent,Medium,North Indian,17,0.0,0.0,65.0
London,20,4.535,4.55,8239.875,6068.125,3.0,8724,5.934316150607423,0,6,14,20,Luxury,Excellent,High,Indian,19,0.0,30.0,70.0
Kolkata,20,4.255,4.2,1272.5,1200.0,2.85,44593,7.407560978306603,8,9,17,20,Premium,Excellent,Very High,North Indian,18,40.0,45.0,85.0
Kochi,20,4.08,4.2,730.0,675.0,2.05,7199,5.753428981512583,5,0,5,20,Medium,Excellent,High,Kerala,16,25.0,0.0,25.0
Kanpur,20,3.815,3.9,945.0,825.0,2.7,1898,4.423874666046748,0,0,11,18,Premium,Good,Medium,North Indian,18,0.0,0.0,55.0
Waterloo,20,3.65,3.6,2027.4625,2385.25,1.75,2083,4.560530349767996,0,0,3,20,Luxury,Good,Medium,American,23,0.0,0.0,15.0
Jaipur,20,4.13,4.2,1310.0,1250.0,2.85,11048,5.945534403098425,10,0,14,20,Premium,Excellent,High,Continental,19,50.0,0.0,70.0
Indore,20,3.97,4.0,960.0,825.0,2.75,4777,5.199665670496764,0,0,12,20,Premium,Good,High,North Indian,16,0.0,0.0,60.0
Wellington City,20,4.25,4.3,3963.6375,3198.7250000000004,3.25,2926,4.959125652633821,0,0,17,20,Luxury,Excellent,Medium,Cafe,17,0.0,0.0,85.0
Nashik,20,3.5200000000000005,3.5,662.5,600.0,2.8,2095,4.4569588668085185,0,0,14,14,Medium,Average,Medium,North Indian,14,0.0,0.0,70.0
Vizag,20,4.005,3.9,780.0,600.0,2.35,3277,4.924097025206124,0,0,6,15,Medium,Good,Medium,North Indian,22,0.0,0.0,30.0
Vadodara,20,4.025,4.0,820.0,800.0,2.6,3720,5.070890945658726,0,0,11,10,Premium,Excellent,Medium,North Indian,14,0.0,0.0,55.0
Orlando,20,4.475,4.4,3840.2525,3816.4,2.9,23989,7.006433068833776,0,0,15,20,Luxury,Excellent,Very High,American,27,0.0,0.0,75.0
Tampa Bay,20,4.41,4.45,3315.4975,3816.4,2.55,27407,7.107078323777555,0,0,11,20,Luxury,Excellent,Very High,Seafood,24,0.0,0.0,55.0
Surat,20,3.935,3.95,812.5,800.0,2.65,3667,5.0261828080095405,0,0,13,20,Premium,Good,High,Italian,16,0.0,0.0,65.0
Sioux City,20,3.7649999999999997,3.75,2313.6925,2385.25,1.9,3156,4.9728562994953,0,0,6,20,Luxury,Good,Medium,American,21,0.0,0.0,30.0
Singapore,20,3.575,3.75,14860.107500000002,7632.799999999999,3.65,638,3.4900510226893866,0,0,19,20,Luxury,Average,Low,American,29,0.0,0.0,95.0
Sharjah,20,4.029999999999999,4.1,2750.3849999999998,2281.125,3.3,4873,5.189792343502143,11,0,17,20,Luxury,Excellent,High,Indian,22,55.0,0.0,85.0
Savannah,20,4.154999999999999,4.15,3100.825,2385.25,2.35,15377,6.566725734463631,0,0,9,20,Luxury,Excellent,High,American,19,0.0,0.0,45.0
Sao Paulo,20,3.53,4.199999999999999,2924.85,2232.0,3.6,559,2.8582158170746963,0,0,18,20,Luxury,Excellent,Low,Brazilian,19,0.0,0.0,90.0
Varanasi,20,3.5100000000000002,3.5,520.0,475.0,2.45,1729,4.36847511011557,0,0,10,13,Medium,Average,Medium,North Indian,12,0.0,0.0,50.0
Rio de Janeiro,20,4.265,4.55,2357.55,1860.0,3.5,401,2.8089620728521663,0,0,19,20,Luxury,Excellent,Low,Brazilian,16,0.0,0.0,95.0
Rest of Hawaii,20,4.41,4.4,3029.2675,2623.775,2.35,15055,6.550586621086363,0,0,10,20,Luxury,Excellent,High,Seafood,13,0.0,0.0,50.0
Ranchi,20,3.4549999999999996,3.4,735.0,575.0,2.05,1807,4.256090504961271,0,0,7,16,Medium,Average,Medium,North Indian,11,0.0,0.0,35.0
Pune,20,4.220000000000001,4.2,1337.5,1300.0,2.95,20732,6.664763110021683,7,13,17,20,Premium,Excellent,High,North Indian,23,35.0,65.0,85.0
Puducherry,20,3.7299999999999995,3.8,842.5,800.0,3.0,6848,5.592876996067475,0,0,14,20,Premium,Good,High,Continental,22,0.0,0.0,70.0
Pretoria,20,4.1899999999999995,4.15,2869.8175,1982.2,3.7,3126,4.854839529617541,0,0,20,20,Luxury,Excellent,Medium,Burger,32,0.0,0.0,100.0
Goa,20,4.245,4.3,1175.0,1100.0,3.65,15098,6.451141652338228,0,0,20,17,Premium,Excellent,High,Seafood,12,0.0,0.0,100.0
Pensacola,20,4.2,4.2,2886.1525,3100.825,2.35,16890,6.639300322635465,0,0,10,20,Luxury,Excellent,High,Seafood,24,0.0,0.0,50.0
Patna,20,3.4549999999999996,3.5,797.5,650.0,2.45,1520,4.204194712671435,0,0,8,17,Medium,Average,Medium,North Indian,13,0.0,0.0,40.0
Pocatello,20,3.4850000000000003,3.6,2075.1675,2385.25,1.8,2607,4.623164765150444,0,0,5,20,Luxury,Good,Medium,American,24,0.0,0.0,25.0
Abu Dhabi,20,4.3,4.3,4744.74,4301.55,3.3,6045,5.615319187421097,11,6,16,20,Luxury,Excellent,High,Indian,27,55.0,30.0,80.0
Gainesville,20,4.035,4.1,2027.4625,2385.25,1.75,4408,5.254643955941815,0,0,3,20,Luxury,Excellent,Medium,Sandwich,18,0.0,0.0,15.0
Bangalore,20,4.375,4.4,1232.5,1300.0,2.7,56115,7.30277036301854,7,6,13,20,Premium,Excellent,Very High,North Indian,19,35.0,30.0,65.0
Colombo,20,3.87,4.0,688.75,638.0,2.85,2929,4.89397641447926,0,0,14,19,Premium,Excellent,Medium,American,18,0.0,0.0,70.0
Coimbatore,20,4.135,4.15,782.5,650.0,2.4,4219,5.173915732940382,7,0,8,20,Medium,Excellent,High,North Indian,21,35.0,0.0,40.0
Chennai,20,4.3149999999999995,4.3,1085.0,950.0,2.45,27695,7.074881640426199,13,13,10,20,Premium,Excellent,Very High,North Indian,21,65.0,65.0,50.0
Cedar Rapids/Iowa City,20,4.165,4.15,2456.8075,2385.25,2.05,6646,5.693997170780608,0,0,6,20,Luxury,Excellent,High,American,18,0.0,0.0,30.0
Cape Town,20,4.11,4.1,1732.6760000000002,1515.8,3.2,5415,5.406993060539254,0,1,16,20,Luxury,Excellent,High,Cafe,20,0.0,5.0,80.0
Davenport,20,3.715,4.1,2456.8075,2385.25,2.0,3022,4.641396623449819,0,0,3,20,Luxury,Excellent,Medium,American,21,0.0,0.0,15.0
Dehradun,20,4.05,4.0,742.5,600.0,3.05,2430,4.656612676703147,0,0,17,13,Medium,Good,Medium,North Indian,16,0.0,0.0,85.0
Brasilia,20,3.495,3.6500000000000004,2232.0,1767.0,3.1,217,2.3359878624174604,0,0,14,20,Luxury,Good,Low,Brazilian,18,0.0,0.0,70.0
Des Moines,20,4.235,4.2,2671.48,2385.25,2.15,11092,6.160465734191225,0,0,6,20,Luxury,Excellent,High,American,24,0.0,0.0,30.0
Boise,20,4.26,4.3,2599.9224999999997,2385.25,2.05,10381,6.200380517200463,0,0,5,20,Luxury,Excellent,High,American,20,0.0,0.0,25.0
Birmingham,20,3.6799999999999997,3.9,4982.25,4151.875,2.4,1393,3.7708551241657426,0,2,9,20,Luxury,Good,Low,British,20,0.0,10.0,45.0
Doha,20,4.0600000000000005,4.0,5860.0125,4845.15,3.65,3276,4.934443511042022,0,1,19,20,Luxury,Good,Medium,Indian,19,0.0,5.0,95.0
Columbus,20,4.029999999999999,4.0,2599.9224999999997,2385.25,2.15,5387,5.432737825972353,0,0,7,20,Luxury,Good,High,American,21,0.0,0.0,35.0
Bhopal,20,3.95,3.95,620.0,500.0,2.15,2877,4.759989569402462,0,0,4,14,Medium,Good,Medium,Fast Food,11,0.0,0.0,20.0
Dubai,20,4.37,4.4,5520.3225,4171.2,3.05,18693,6.624483890538474,6,12,18,20,Luxury,Excellent,High,Indian,20,30.0,60.0,90.0
Aurangabad,20,3.375,3.3499999999999996,622.5,500.0,2.2,1296,3.983240497919457,0,0,4,16,Medium,Average,Medium,North Indian,15,0.0,0.0,20.0
Dubuque,20,3.535,3.55,2313.6925,2385.25,1.9,2021,4.517955789731359,0,0,4,20,Luxury,Average,Medium,American,16,0.0,0.0,20.0
Albany,20,3.5549999999999997,3.5,2027.4625,954.1,1.7,1676,4.20233090854093,0,0,4,20,Premium,Average,Medium,American,21,0.0,0.0,20.0
Allahabad,20,3.3950000000000005,3.4,527.5,500.0,2.65,1392,4.07507932992502,0,0,14,15,Medium,Average,Medium,North Indian,14,0.0,0.0,70.0
Ankara,20,4.305,4.3,180.6075,144.89999999999998,2.8,2627,4.82290460824148,0,0,14,20,Budget,Excellent,Medium,Kebab,13,0.0,0.0,70.0
Athens,20,4.2,4.2,1812.7900000000002,954.1,1.6,12750,6.353819032532448,0,0,4,20,Premium,Excellent,High,American,20,0.0,0.0,20.0
Auckland,20,4.275,4.35,3796.7475,3337.8,3.05,6795,5.57734317250423,0,0,16,20,Luxury,Excellent,High,Cafe,19,0.0,0.0,80.0
Dalton,20,4.11,4.1,1526.56,954.1,1.4,2561,4.7284739359721275,0,0,1,20,Premium,Excellent,Medium,American,16,0.0,0.0,5.0
Augusta,20,4.13,4.05,2576.07,2385.25,2.15,7909,5.926793400636009,0,0,7,20,Luxury,Excellent,High,American,25,0.0,0.0,35.0
Edinburgh,20,4.09,4.05,4918.375,4151.875,2.9,2246,4.4382633728447605,0,2,14,20,Luxury,Excellent,Medium,Cafe,21,0.0,10.0,70.0
Chandigarh,18,4.050000000000001,4.1,1072.2222222222222,925.0,2.5,10343,6.147013033776918,6,0,9,18,Medium,Excellent,High,North Indian,21,33.33,0.0,50.0
Hyderabad,18,4.344444444444445,4.25,1361.111111111111,1450.0,2.888888888888889,24135,6.662438812794953,7,10,15,18,Premium,Excellent,Very High,North Indian,24,38.89,55.56,83.33
Jakarta,16,4.35625,4.35,1634.71875,1060.0,3.0,11883,6.3188790721789045,0,0,16,15,Premium,Excellent,High,Western,17,0.0,0.0,100.0
Istanbul,14,4.292857142857143,4.2,168.55714285714288,165.6,2.857142857142857,12043,6.717553567997011,0,0,9,14,Budget,Excellent,High,Desserts,11,0.0,0.0,64.29
Sandton,11,4.3,4.3,2191.5499999999997,2332.0,3.8181818181818183,5410,6.0706218767877065,0,0,11,11,Luxury,Excellent,High,Italian,15,0.0,0.0,100.0
Johannesburg,6,4.2,4.15,2740.1,2040.5,4.0,3706,6.125897584861055,0,1,6,6,Luxury,Excellent,High,Pizza,16,0.0,16.67,100.0
Taguig City,4,4.525,4.5,12144.0,11616.0,3.5,1663,5.866293134684048,0,3,3,4,Luxury,Excellent,High,American,10,0.0,75.0,75.0
Mandaluyong City,4,4.625,4.6,14080.0,10560.0,3.75,1200,5.690728598389156,0,2,4,4,Luxury,Excellent,High,Japanese,8,0.0,50.0,100.0
Pasig City,3,4.633333333333334,4.8,6570.666666666667,6336.0,3.0,2090,6.482410661362821,0,2,3,3,Luxury,Excellent,High,Filipino,5,0.0,66.67,100.0
Pasay City,3,4.366666666666667,4.2,23466.666666666668,14080.0,4.0,1818,6.402612474144314,0,3,3,3,Luxury,Excellent,High,Asian,5,0.0,100.0,100.0
Santa Rosa,2,3.8,3.8,5808.0,5808.0,3.0,101,3.8458284114052734,0,0,2,2,Luxury,Good,Low,Italian,5,0.0,0.0,100.0
Hepburn Springs,2,3.8,3.8,1288.035,1288.035,1.5,285,4.902992485587445,0,0,0,2,Luxury,Good,Medium,Cafe,5,0.0,0.0,0.0
San Juan City,2,4.25,4.25,5984.0,5984.0,3.0,681,5.770348130957792,0,1,2,2,Luxury,Excellent,High,Filipino,2,0.0,50.0,100.0
Secunderabad,2,4.5,4.5,825.0,825.0,2.0,1902,6.727596637233685,1,2,0,2,Premium,Excellent,High,North Indian,4,50.0,100.0,0.0
Bogor,2,3.85,3.85,848.0,848.0,2.5,1942,6.860292152225409,0,0,1,2,Medium,Good,High,Cafe,5,0.0,0.0,50.0
Makati City,2,4.65,4.65,8096.0,8096.0,3.0,905,6.068039636854819,0,2,2,2,Luxury,Excellent,High,Japanese,3,0.0,100.0,100.0
Inner City,2,4.9,4.9,6529.6,6529.6,4.0,635,5.682154720320723,0,0,2,2,Luxury,Excellent,High,European,3,0.0,0.0,100.0
Tangerang,2,4.300000000000001,4.300000000000001,1325.0,1325.0,3.0,2367,6.3759801736502935,0,0,2,2,Luxury,Excellent,Medium,Indonesian,2,0.0,0.0,100.0
Fernley,1,3.7,3.7,954.1,954.1,1.0,83,4.430816798843313,0,0,0,1,Premium,Good,Medium,Mexican,1,0.0,0.0,0.0
Beechworth,1,4.6,4.6,1908.2,1908.2,2.0,237,5.472270673671475,0,0,0,1,Luxury,Excellent,High,Pizza,2,0.0,0.0,0.0
Lakeview,1,3.6,3.6,954.1,954.1,1.0,41,3.737669618283368,0,0,0,1,Premium,Good,Low,Burger,3,0.0,0.0,0.0
Bandung,1,4.2,4.2,795.0,795.0,3.0,22,3.1354942159291497,0,0,1,1,Premium,Excellent,Low,Cafe,3,0.0,0.0,100.0
Balingup,1,3.2,3.2,1908.2,1908.2,2.0,21,3.091042453358316,0,0,0,1,Luxury,Average,Low,Modern Australian,1,0.0,0.0,0.0
Lakes Entrance,1,3.8,3.8,667.87,667.87,1.0,97,4.584967478670572,0,0,0,1,Medium,Good,Medium,Breakfast,2,0.0,0.0,0.0
Tagaytay City,1,4.5,4.5,8448.0,8448.0,3.0,211,5.356586274672012,0,1,1,1,Luxury,Excellent,High,Filipino,1,0.0,100.0,100.0
East Ballina,1,4.1,4.1,1908.2,1908.2,2.0,56,4.04305126783455,0,0,0,1,Luxury,Excellent,Medium,Cafe,1,0.0,0.0,0.0
Consort,1,3.0,3.0,2385.25,2385.25,2.0,6,1.9459101490553128,0,0,0,1,Luxury,Average,Low,Chinese,2,0.0,0.0,0.0
Lincoln,1,4.5,4.5,2385.25,2385.25,2.0,799,6.684611727667927,0,0,0,1,Luxury,Excellent,High,Thai,1,0.0,0.0,0.0
Trentham East,1,4.1,4.1,1908.2,1908.2,2.0,87,4.477336814478207,0,0,0,1,Luxury,Excellent,Medium,Australian,1,0.0,0.0,0.0
Inverloch,1,3.7,3.7,667.87,667.87,1.0,100,4.61512051684126,0,0,0,1,Medium,Good,Medium,Burger,3,0.0,0.0,0.0
Armidale,1,3.5,3.5,1908.2,1908.2,2.0,25,3.258096538021482,0,0,0,1,Luxury,Average,Low,Bar Food,2,0.0,0.0,0.0
Vernonia,1,4.3,4.3,954.1,954.1,1.0,88,4.48863636973214,0,0,0,1,Premium,Excellent,Medium,Coffee and Tea,2,0.0,0.0,0.0
Victor Harbor,1,3.6,3.6,1908.2,1908.2,2.0,96,4.574710978503383,0,0,0,1,Luxury,Good,Medium,Coffee and Tea,3,0.0,0.0,0.0
Vineland Station,1,4.3,4.3,6678.7,6678.7,4.0,204,5.3230099791384085,0,0,1,1,Luxury,Excellent,High,Italian,3,0.0,0.0,100.0
Flaxton,1,3.5,3.5,2862.3,2862.3,3.0,37,3.6375861597263857,0,0,1,1,Luxury,Average,Low,Tea,2,0.0,0.0,100.0
Huskisson,1,4.1,4.1,1908.2,1908.2,2.0,40,3.713572066704308,0,0,0,1,Luxury,Excellent,Low,Breakfast,2,0.0,0.0,0.0
Weirton,1,3.9,3.9,2385.25,2385.25,2.0,156,5.056245805348308,0,0,0,1,Luxury,Good,Medium,Burger,3,0.0,0.0,0.0
Winchester Bay,1,3.2,3.2,2385.25,2385.25,2.0,16,2.833213344056216,0,0,0,1,Luxury,Average,Low,Burger,3,0.0,0.0,0.0
Tanunda,1,4.4,4.4,2862.3,2862.3,3.0,339,5.828945617610208,0,0,1,1,Luxury,Excellent,High,Modern Australian,2,0.0,0.0,100.0
Lorn,1,3.6,3.6,1908.2,1908.2,2.0,18,2.9444389791664403,0,0,0,1,Luxury,Good,Low,Breakfast,2,0.0,0.0,0.0
Montville,1,2.4,2.4,2862.3,2862.3,3.0,193,5.267858159063328,0,0,1,1,Luxury,Poor,Medium,Coffee and Tea,2,0.0,0.0,100.0
Dicky Beach,1,3.6,3.6,667.87,667.87,1.0,29,3.4011973816621555,0,0,0,1,Medium,Good,Low,Coffee and Tea,3,0.0,0.0,0.0
Monroe,1,3.6,3.6,2385.25,2385.25,2.0,65,4.189654742026425,0,0,0,1,Luxury,Good,Medium,Italian,2,0.0,0.0,0.0
Cochrane,1,3.1,3.1,2385.25,2385.25,2.0,6,1.9459101490553128,0,0,0,1,Luxury,Average,Low,Asian,2,0.0,0.0,0.0
Ojo Caliente,1,3.6,3.6,3816.4,3816.4,3.0,30,3.4339872044851463,0,0,1,1,Luxury,Good,Low,American,3,0.0,0.0,100.0
Clatskanie,1,4.3,4.3,954.1,954.1,1.0,96,4.574710978503383,0,0,0,1,Premium,Excellent,Medium,American,3,0.0,0.0,0.0
Palm Cove,1,4.4,4.4,2862.3,2862.3,3.0,381,5.945420608606575,0,0,1,1,Luxury,Excellent,High,Mediterranean,2,0.0,0.0,100.0
Panchkula,1,4.2,4.2,2000.0,2000.0,4.0,843,6.738152494595957,0,0,1,1,Luxury,Excellent,High,North Indian,3,0.0,0.0,100.0
Forrest,1,3.7,3.7,1908.2,1908.2,2.0,29,3.4011973816621555,0,0,0,1,Luxury,Good,Low,Cafe,2,0.0,0.0,0.0
Mohali,1,4.3,4.3,550.0,550.0,2.0,99,4.605170185988092,1,0,0,1,Medium,Excellent,Medium,Continental,2,100.0,0.0,0.0
Miller,1,3.4,3.4,954.1,954.1,1.0,11,2.4849066497880004,0,0,0,1,Premium,Average,Low,Unknown,1,0.0,0.0,0.0
Paynesville,1,2.6,2.6,11449.2,11449.2,4.0,16,2.833213344056216,0,0,1,1,Luxury,Average,Low,Modern Australian,1,0.0,0.0,100.0
Penola,1,3.4,3.4,1908.2,1908.2,2.0,19,2.995732273553991,0,0,0,1,Luxury,Average,Low,Cafe,3,0.0,0.0,0.0
Chatham-Kent,1,3.7,3.7,2385.25,2385.25,2.0,176,5.176149732573829,0,0,0,1,Luxury,Good,Medium,Japanese,2,0.0,0.0,0.0
Phillip Island,1,3.7,3.7,1908.2,1908.2,2.0,351,5.863631175598097,0,0,0,1,Luxury,Good,High,Breakfast,3,0.0,0.0,0.0
Middleton Beach,1,3.8,3.8,2862.3,2862.3,3.0,176,5.176149732573829,0,0,1,1,Luxury,Good,Medium,Bar Food,2,0.0,0.0,100.0
Potrero,1,3.3,3.3,2385.25,2385.25,2.0,9,2.302585092994046,0,0,0,1,Luxury,Average,Low,American,3,0.0,0.0,0.0
Mc Millan,1,2.4,2.4,954.1,954.1,1.0,17,2.8903717578961645,0,0,0,1,Premium,Poor,Low,Breakfast,2,0.0,0.0,0.0
Princeton,1,4.0,4.0,6678.7,6678.7,4.0,542,6.297109319933935,0,0,1,1,Luxury,Good,High,Seafood,1,0.0,0.0,100.0
Mayfield,1,2.9,2.9,1908.2,1908.2,2.0,11,2.4849066497880004,0,0,0,1,Luxury,Average,Low,Asian,1,0.0,0.0,0.0
Quezon City,1,4.8,4.8,5632.0,5632.0,3.0,294,5.68697535633982,0,0,1,1,Luxury,Excellent,High,Filipino,2,0.0,0.0,100.0
Macedon,1,3.5,3.5,1908.2,1908.2,2.0,31,3.4657359027997265,0,0,0,1,Luxury,Average,Low,Cafe,1,0.0,0.0,0.0
Randburg,1,4.3,4.3,1166.0,1166.0,3.0,618,6.428105272684596,0,0,1,1,Premium,Excellent,High,Cafe,1,0.0,0.0,100.0
Yorkton,1,3.3,3.3,2385.25,2385.25,2.0,26,3.295836866004329,0,0,0,1,Luxury,Average,Low,Asian,1,0.0,0.0,0.0
