City Location Cluster,City,Restaurant_Count,Avg_Rating,Avg_Cost_INR,Avg_Price_Range,Most_Common_Cuisine,Dominant_Cost_Category
Gurgaon_0,Gurgaon,551,3.0337568058076223,827.9491833030853,2.043557168784029,North Indian,Medium
New Delhi_5,New Delhi,486,3.0899176954732512,721.7078189300412,1.8724279835390947,North Indian,Medium
New Delhi_3,New Delhi,438,3.028310502283105,945.2054794520548,2.029680365296804,North Indian,Medium
New Delhi_9,New Delhi,405,2.933827160493827,674.1975308641976,1.7555555555555555,North Indian,Medium
New Delhi_8,New Delhi,361,2.310803324099723,437.1191135734072,1.3933518005540166,North Indian,Budget
New Delhi_13,New Delhi,344,2.7063953488372094,783.7209302325581,1.7936046511627908,North Indian,Medium
New Delhi_22,New Delhi,292,2.641095890410959,565.3082191780821,1.6506849315068493,North Indian,Medium
New Delhi_12,New Delhi,282,2.152127659574468,424.11347517730496,1.3617021276595744,North Indian,Budget
Gurgaon_3,Gurgaon,272,2.4599264705882353,700.7352941176471,1.8676470588235294,North Indian,Medium
New Delhi_14,New Delhi,267,2.2367041198501876,398.50187265917606,1.3333333333333333,North Indian,Medium
Gurgaon_2,Gurgaon,247,2.31497975708502,540.2834008097166,1.534412955465587,North Indian,Medium
New Delhi_27,New Delhi,235,2.516170212765957,558.2978723404256,1.6212765957446809,North Indian,Medium
New Delhi_1,New Delhi,233,1.0171673819742488,419.31330472103,1.3776824034334765,North Indian,Budget
New Delhi_16,New Delhi,226,2.8460176991150443,509.1592920353982,1.5398230088495575,North Indian,Medium
New Delhi_21,New Delhi,208,2.712980769230769,481.00961538461536,1.4855769230769231,North Indian,Medium
New Delhi_10,New Delhi,178,3.008426966292135,588.4831460674158,1.7134831460674158,North Indian,Medium
New Delhi_18,New Delhi,174,1.8689655172413793,406.0344827586207,1.3275862068965518,North Indian,Budget
New Delhi_17,New Delhi,168,2.8517857142857146,555.6547619047619,1.6428571428571428,North Indian,Medium
New Delhi_19,New Delhi,164,2.042682926829268,536.280487804878,1.579268292682927,North Indian,Medium
New Delhi_23,New Delhi,158,1.7177215189873416,318.67088607594934,1.1962025316455696,North Indian,Budget
New Delhi_7,New Delhi,155,2.1799999999999997,510.64516129032256,1.4838709677419355,North Indian,Medium
New Delhi_25,New Delhi,153,2.280392156862745,575.4901960784314,1.6209150326797386,North Indian,Medium
New Delhi_20,New Delhi,148,3.2452702702702703,1365.2027027027027,2.4662162162162162,North Indian,Luxury
Noida_25,Noida,130,2.999230769230769,742.3076923076923,1.9230769230769231,North Indian,Medium
New Delhi_15,New Delhi,120,1.6075000000000002,832.0833333333334,1.975,North Indian,Medium
Noida_1,Noida,93,0.6559139784946236,412.36559139784947,1.3225806451612903,North Indian,Medium
New Delhi_11,New Delhi,69,1.6115942028985508,263.04347826086956,1.0869565217391304,North Indian,Budget
Noida_9,Noida,61,3.0868852459016396,990.983606557377,2.262295081967213,North Indian,Medium
New Delhi_26,New Delhi,60,0.04833333333333333,268.3333333333333,1.0666666666666667,North Indian,Budget
Noida_6,Noida,57,1.7982456140350878,408.7719298245614,1.3508771929824561,North Indian,Budget
New Delhi_6,New Delhi,53,1.4811320754716981,311.3207547169811,1.1886792452830188,North Indian,Budget
New Delhi_4,New Delhi,53,0.9018867924528301,362.2641509433962,1.2452830188679245,North Indian,Budget
Noida_16,Noida,52,2.5653846153846156,559.6153846153846,1.6730769230769231,North Indian,Medium
Noida_12,Noida,50,2.7560000000000002,547.0,1.64,North Indian,Medium
Noida_10,Noida,48,1.5479166666666666,382.2916666666667,1.375,North Indian,Medium
Gurgaon_1,Gurgaon,48,1.0791666666666666,375.4166666666667,1.2916666666666667,North Indian,Budget
Noida_3,Noida,47,2.095744680851064,593.6170212765958,1.702127659574468,North Indian,Medium
Noida_22,Noida,44,1.843181818181818,467.04545454545456,1.4772727272727273,Fast Food,Medium
Noida_13,Noida,42,1.4047619047619047,421.42857142857144,1.4047619047619047,North Indian,Medium
Noida_20,Noida,42,1.9928571428571429,423.8095238095238,1.380952380952381,North Indian,Medium
Noida_8,Noida,38,1.4131578947368422,425.0,1.4473684210526316,North Indian,Medium
Noida_19,Noida,38,2.0157894736842104,578.9473684210526,1.7894736842105263,North Indian,Medium
Noida_28,Noida,35,1.72,417.14285714285717,1.3142857142857143,Chinese,Budget
Noida_27,Noida,34,1.9852941176470589,536.7647058823529,1.7058823529411764,North Indian,Medium
New Delhi_0,New Delhi,34,0.2529411764705882,357.3529411764706,1.2941176470588236,North Indian,Budget
Noida_4,Noida,34,2.961764705882353,502.94117647058823,1.5588235294117647,North Indian,Medium
Noida_7,Noida,30,1.77,501.6666666666667,1.6,North Indian,Medium
Noida_17,Noida,29,2.0551724137931036,472.41379310344826,1.4827586206896552,North Indian,Medium
Faridabad_2,Faridabad,27,3.4555555555555553,474.0740740740741,1.4814814814814814,Fast Food,Medium
Ghaziabad_0,Ghaziabad,25,2.852,602.0,1.8,North Indian,Medium
Noida_0,Noida,24,1.7249999999999999,418.75,1.4166666666666667,North Indian,Medium
Noida_21,Noida,23,2.595652173913044,543.4782608695652,1.608695652173913,North Indian,Medium
Faridabad_12,Faridabad,23,1.7173913043478262,767.3913043478261,2.0,North Indian,Medium
Faridabad_1,Faridabad,22,0.5681818181818182,409.09090909090907,1.2272727272727273,North Indian,Medium
London_0,London,20,4.535,8239.875,3.0,Indian,Luxury
Noida_18,Noida,20,2.6350000000000002,645.0,1.9,North Indian,Medium
Noida_11,Noida,20,1.285,397.5,1.25,North Indian,Medium
Surat_0,Surat,20,3.935,812.5,2.65,Italian,Premium
Singapore_0,Singapore,20,3.575,14860.107500000002,3.65,American,Luxury
Coimbatore_0,Coimbatore,20,4.135,782.5,2.4,North Indian,Medium
Noida_15,Noida,20,1.61,612.5,1.75,North Indian,Budget
Puducherry_0,Puducherry,20,3.7299999999999995,842.5,3.0,Continental,Premium
Wellington City_0,Wellington City,20,4.25,3963.6375,3.25,Cafe,Luxury
Manchester_0,Manchester,20,4.045,6291.6875,2.7,American,Luxury
Edinburgh_0,Edinburgh,20,4.09,4918.375,2.9,Cafe,Luxury
Dubuque_0,Dubuque,20,3.535,2313.6925,1.9,American,Luxury
Boise_0,Boise,19,4.252631578947368,2535.8973684210528,2.0,American,Luxury
Pretoria_0,Pretoria,19,4.152631578947369,2035.8973684210528,3.6842105263157894,Burger,Luxury
Noida_29,Noida,19,1.9210526315789473,428.94736842105266,1.4210526315789473,Chinese,Medium
Albany_0,Albany,19,3.5631578947368423,2083.955263157895,1.736842105263158,Steak,Premium
Faridabad_0,Faridabad,19,1.5947368421052632,360.5263157894737,1.368421052631579,Chinese,Budget
Chandigarh_0,Chandigarh,18,4.050000000000001,1072.2222222222222,2.5,North Indian,Medium
Athens_0,Athens,18,4.222222222222222,1828.6916666666666,1.6111111111111112,Sandwich,Premium
Indore_0,Indore,18,3.9777777777777774,947.2222222222222,2.7222222222222223,Italian,Premium
Sao Paulo_0,Sao Paulo,17,3.652941176470588,3145.5882352941176,3.6470588235294117,Brazilian,Luxury
Jaipur_0,Jaipur,17,4.064705882352941,1282.3529411764705,2.823529411764706,Continental,Premium
Noida_5,Noida,17,0.8529411764705882,405.88235294117646,1.411764705882353,North Indian,Medium
Doha_0,Doha,16,4.075,4869.703125,3.5625,Indian,Luxury
Faridabad_16,Faridabad,16,1.5125,384.375,1.1875,North Indian,Medium
Valdosta_0,Valdosta,15,3.6666666666666665,2925.9066666666668,2.3333333333333335,Mexican,Luxury
Birmingham_0,Birmingham,14,3.5928571428571425,5246.875,2.5,Indian,Luxury
Sioux City_0,Sioux City,14,3.7714285714285714,2180.8,1.7857142857142858,American,Premium
Cape Town_0,Cape Town,14,4.057142857142857,1930.1464285714285,3.357142857142857,Sushi,Luxury
Faridabad_3,Faridabad,13,1.169230769230769,342.3076923076923,1.2307692307692308,Street Food,Budget
Faridabad_11,Faridabad,13,1.7923076923076924,357.6923076923077,1.3846153846153846,North Indian,Medium
Ahmedabad_1,Ahmedabad,13,4.176923076923076,846.1538461538462,2.5384615384615383,Continental,Premium
Hyderabad_0,Hyderabad,13,4.323076923076924,1253.8461538461538,2.8461538461538463,North Indian,Premium
Kochi_1,Kochi,12,4.108333333333333,791.6666666666666,2.1666666666666665,Cafe,Medium
Noida_24,Noida,12,2.341666666666667,679.1666666666666,1.75,Chinese,Medium
Columbus_2,Columbus,11,4.118181818181818,2775.5636363636363,2.272727272727273,Steak,Luxury
Noida_26,Noida,11,1.3454545454545455,445.45454545454544,1.5454545454545454,North Indian,Medium
Ankara_0,Ankara,11,4.390909090909091,220.1727272727273,2.909090909090909,Kebab,Budget
Faridabad_8,Faridabad,10,2.63,490.0,1.6,Chinese,Medium
Davenport_0,Davenport,10,3.75,2528.3650000000002,2.1,American,Luxury
Vadodara_0,Vadodara,10,3.97,790.0,2.5,North Indian,Premium
Kolkata_1,Kolkata,9,4.2444444444444445,1272.2222222222222,2.7777777777777777,North Indian,Premium
Sharjah_2,Sharjah,9,3.9111111111111105,3200.8166666666666,3.3333333333333335,American,Luxury
Waterloo_0,Waterloo,9,3.611111111111111,1908.1999999999998,1.6666666666666667,Pizza,Luxury
Chennai_2,Chennai,9,4.355555555555556,1277.7777777777778,2.7777777777777777,Cafe,Premium
Mangalore_1,Mangalore,9,3.822222222222222,805.5555555555555,2.5555555555555554,North Indian,Medium
Faridabad_9,Faridabad,8,1.1375,500.0,1.5,North Indian,Medium
New Delhi_24,New Delhi,8,0.0,381.25,1.25,Chinese,Medium
Columbus_0,Columbus,8,3.8625,2206.35625,1.875,Pizza,Luxury
Noida_23,Noida,8,1.1625,456.25,1.5,North Indian,Medium
Savannah_0,Savannah,8,4.1875,3816.3999999999996,2.625,American,Luxury
Faridabad_13,Faridabad,8,1.4625,331.25,1.375,Fast Food,Budget
Bangalore_0,Bangalore,8,4.425,1056.25,2.375,North Indian,Premium
Ahmedabad_0,Ahmedabad,8,4.1375,875.0,2.625,Italian,Medium
Faridabad_5,Faridabad,8,2.2625,362.5,1.375,Chinese,Medium
Faridabad_15,Faridabad,8,1.0875,431.25,1.625,Fast Food,Medium
Davenport_1,Davenport,7,4.114285714285714,1976.3500000000001,1.7142857142857142,American,Luxury
Pune_0,Pune,7,4.228571428571429,1278.5714285714287,2.7142857142857144,North Indian,Premium
Bangalore_1,Bangalore,7,4.3,1400.0,3.0,Italian,Premium
Faridabad_6,Faridabad,7,0.8142857142857143,407.14285714285717,1.4285714285714286,Fast Food,Budget
Faridabad_22,Faridabad,7,1.2571428571428573,321.42857142857144,1.1428571428571428,North Indian,Budget
Kolkata_2,Kolkata,7,4.3428571428571425,1114.2857142857142,2.857142857142857,Chinese,Premium
Dehradun_1,Dehradun,7,3.942857142857143,550.0,2.7142857142857144,Chinese,Medium
Sharjah_0,Sharjah,7,4.014285714285714,2364.921428571429,3.2857142857142856,Indian,Luxury
Dubai_2,Dubai,7,4.257142857142857,6759.578571428572,3.142857142857143,American,Luxury
Augusta_0,Augusta,7,4.114285714285715,2385.25,2.0,Sandwich,Luxury
Ankara_2,Ankara,7,4.185714285714286,138.98571428571427,2.7142857142857144,Kebab,Budget
Varanasi_1,Varanasi,7,3.5714285714285716,507.14285714285717,2.4285714285714284,North Indian,Budget
Faridabad_7,Faridabad,6,3.1999999999999997,508.3333333333333,1.6666666666666667,North Indian,Medium
Rio de Janeiro_1,Rio de Janeiro,6,4.3500000000000005,2139.0,3.1666666666666665,Brazilian,Luxury
Birmingham_1,Birmingham,6,3.8833333333333333,4364.791666666667,2.1666666666666665,British,Luxury
Nashik_1,Nashik,6,3.4,608.3333333333334,2.6666666666666665,North Indian,Premium
Istanbul_0,Istanbul,6,4.416666666666667,129.375,2.5,Desserts,Budget
Faridabad_27,Faridabad,6,2.4499999999999997,325.0,1.1666666666666667,North Indian,Budget
Agra_1,Agra,6,3.8333333333333335,1050.0,2.8333333333333335,North Indian,Premium
Bhopal_1,Bhopal,6,3.783333333333333,683.3333333333334,2.3333333333333335,Fast Food,Medium
Guwahati_0,Guwahati,6,4.25,1066.6666666666667,2.8333333333333335,Continental,Premium
Johannesburg_0,Johannesburg,6,4.2,2740.1,4.0,Pizza,Luxury
Faridabad_24,Faridabad,6,2.8666666666666667,241.66666666666666,1.1666666666666667,North Indian,Budget
Brasilia_2,Brasilia,6,3.566666666666667,1922.0,3.0,Japanese,Luxury
Brasilia_4,Brasilia,6,3.0833333333333335,1395.0,2.1666666666666665,Cafe,Premium
Allahabad_1,Allahabad,5,3.3600000000000003,620.0,2.8,North Indian,Medium
Valdosta_1,Valdosta,5,3.8599999999999994,2385.25,2.0,American,Luxury
Faridabad_28,Faridabad,5,3.1399999999999997,510.0,1.8,North Indian,Medium
Pune_3,Pune,5,4.32,1140.0,2.8,Italian,Premium
Abu Dhabi_5,Abu Dhabi,5,4.279999999999999,6569.639999999999,3.4,Japanese,Luxury
Kochi_0,Kochi,5,4.18,630.0,1.8,Kerala,Medium
Faridabad_21,Faridabad,5,1.7600000000000002,420.0,1.2,North Indian,Medium
Faridabad_18,Faridabad,5,1.72,350.0,1.4,Fast Food,Budget
Faridabad_17,Faridabad,5,3.04,560.0,1.6,North Indian,Medium
Sioux City_2,Sioux City,5,3.7600000000000002,2385.25,2.0,Chinese,Luxury
Vizag_0,Vizag,5,3.9799999999999995,790.0,2.6,Fast Food,Medium
Chennai_0,Chennai,5,4.3,1120.0,2.4,North Indian,Premium
Istanbul_1,Istanbul,4,4.2,204.4125,3.25,Restaurant Cafe,Budget
Chennai_1,Chennai,4,4.25,725.0,2.0,Italian,Premium
Cape Town_1,Cape Town,4,4.05,1390.455,3.0,Pizza,Luxury
Lucknow_1,Lucknow,4,4.075,787.5,2.25,Cafe,Premium
Ranchi_1,Ranchi,4,3.375,637.5,2.0,North Indian,Medium
Aurangabad_1,Aurangabad,4,3.325,512.5,2.0,North Indian,Medium
Amritsar_1,Amritsar,4,3.9,212.5,1.25,Fast Food,Budget
Faridabad_23,Faridabad,4,2.3,462.5,1.5,Fast Food,Budget
Faridabad_25,Faridabad,4,2.95,562.5,1.5,North Indian,Medium
Waterloo_1,Waterloo,4,3.6,2027.4625,1.75,American,Luxury
Bhubaneshwar_1,Bhubaneshwar,4,4.2,750.0,2.25,Cafe,Medium
Waterloo_2,Waterloo,4,3.725,2385.25,2.0,Chinese,Luxury
Augusta_1,Augusta,4,4.075,2265.9875,2.0,German,Luxury
Augusta_2,Augusta,4,4.4,3458.6125,2.75,Steak,Luxury
Taguig City_0,Taguig City,4,4.525,12144.0,3.5,American,Luxury
Sharjah_1,Sharjah,4,4.325,2411.475,3.25,Cafe,Luxury
Savannah_4,Savannah,4,4.375,2743.0375,2.25,American,Luxury
Bangalore_2,Bangalore,4,4.35,1450.0,3.0,North Indian,Premium
Kolkata_0,Kolkata,4,4.125,1550.0,3.0,North Indian,Luxury
Sandton_2,Sandton,4,4.45,2397.5875,3.75,Contemporary,Luxury
Mandaluyong City_0,Mandaluyong City,4,4.625,14080.0,3.75,Japanese,Luxury
Sandton_0,Sandton,4,4.25,2186.25,3.75,Mexican,Luxury
Rio de Janeiro_5,Rio de Janeiro,4,4.725,2046.0,3.5,Brazilian,Luxury
Rio de Janeiro_3,Rio de Janeiro,4,4.55,2604.0,3.75,Brazilian,Luxury
Faridabad_10,Faridabad,4,0.0,425.0,1.5,North Indian,Medium
Dubai_0,Dubai,3,4.266666666666667,2867.7000000000003,2.3333333333333335,Indian,Luxury
Faridabad_14,Faridabad,3,2.0,466.6666666666667,1.6666666666666667,North Indian,Medium
Hyderabad_1,Hyderabad,3,4.633333333333334,1600.0,3.0,North Indian,Premium
Doha_2,Doha,3,4.0,10912.5,4.0,International,Luxury
Pasay City_0,Pasay City,3,4.366666666666667,23466.666666666668,4.0,Asian,Luxury
Pasig City_0,Pasig City,3,4.633333333333334,6570.666666666667,3.0,Filipino,Luxury
Patna_1,Patna,3,3.5,1133.3333333333333,3.0,Chinese,Premium
Istanbul_3,Istanbul,3,3.966666666666667,165.6,2.6666666666666665,Cafe,Budget
Davenport_2,Davenport,3,2.6666666666666665,3339.35,2.3333333333333335,American,Luxury
Pune_4,Pune,3,4.166666666666667,1533.3333333333333,3.3333333333333335,North Indian,Premium
Goa_1,Goa,3,4.3999999999999995,1300.0,3.6666666666666665,Seafood,Premium
Brasilia_3,Brasilia,3,3.6666666666666665,1612.0,3.6666666666666665,Pizza,Luxury
Mumbai_1,Mumbai,3,3.8000000000000003,1100.0,3.0,Italian,Premium
Waterloo_3,Waterloo,3,3.733333333333333,1908.2,1.6666666666666667,Mexican,Luxury
Abu Dhabi_7,Abu Dhabi,3,4.333333333333333,4171.2,3.3333333333333335,Turkish,Luxury
Abu Dhabi_9,Abu Dhabi,3,4.1000000000000005,2172.5,2.6666666666666665,Indian,Luxury
Mumbai_2,Mumbai,3,4.133333333333334,1233.3333333333333,2.6666666666666665,Bakery,Premium
Kochi_2,Kochi,3,3.8000000000000003,650.0,2.0,Chinese,Medium
Savannah_5,Savannah,3,3.9333333333333336,1908.2,1.6666666666666667,Southern,Premium
Brasilia_5,Brasilia,3,3.9000000000000004,3534.0,4.0,Peruvian,Luxury
Mumbai_4,Mumbai,3,4.333333333333333,933.3333333333334,2.3333333333333335,American,Premium
Jaipur_1,Jaipur,2,4.6,1400.0,3.0,Italian,Luxury
Mumbai_8,Mumbai,2,3.7,925.0,2.5,Asian,Premium
Mumbai_9,Mumbai,2,4.05,900.0,2.5,Pizza,Premium
Ankara_1,Ankara,2,4.25,108.67499999999998,2.5,Desserts,Budget
Athens_1,Athens,2,4.0,1669.675,1.5,Japanese,Luxury
Secunderabad_0,Secunderabad,2,4.5,825.0,2.0,North Indian,Premium
Ludhiana_1,Ludhiana,2,3.7,1400.0,3.0,North Indian,Premium
Tangerang_0,Tangerang,2,4.300000000000001,1325.0,3.0,Indonesian,Luxury
Augusta_6,Augusta,2,4.1,3100.825,2.5,Bar Food,Luxury
Savannah_6,Savannah,2,3.9499999999999997,3100.825,2.5,American,Luxury
Sao Paulo_1,Sao Paulo,2,2.05,1581.0,3.0,Brazilian,Luxury
Mumbai_7,Mumbai,2,3.9499999999999997,1000.0,3.0,Cafe,Premium
Dubai_1,Dubai,2,4.4,4040.85,3.0,Indian,Luxury
Mumbai_3,Mumbai,2,4.35,1250.0,3.0,North Indian,Premium
Sandton_1,Sandton,2,4.35,1836.45,4.0,Mexican,Luxury
Varanasi_7,Varanasi,2,3.3,850.0,3.5,North Indian,Medium
Dubai_4,Dubai,2,4.6,3780.1499999999996,3.0,Indian,Luxury
Dubai_7,Dubai,2,4.65,8472.75,3.5,Indian,Luxury
Macon_17,Macon,2,4.15,3100.825,2.5,Burger,Luxury
Faridabad_19,Faridabad,2,3.05,1050.0,2.5,Bakery,Medium
Agra_4,Agra,2,3.8499999999999996,1950.0,2.5,North Indian,Budget
Faridabad_26,Faridabad,2,3.15,450.0,1.5,North Indian,Budget
Makati City_0,Makati City,2,4.65,8096.0,3.0,Japanese,Luxury
Faridabad_29,Faridabad,2,1.55,800.0,2.0,North Indian,Budget
Agra_0,Agra,2,4.15,2500.0,4.0,Mughlai,Luxury
Faridabad_4,Faridabad,2,0.0,100.0,1.0,Mithai,Budget
Santa Rosa_0,Santa Rosa,2,3.8,5808.0,3.0,Italian,Luxury
Abu Dhabi_0,Abu Dhabi,2,4.6,5865.75,4.0,American,Luxury
San Juan City_0,San Juan City,2,4.25,5984.0,3.0,Filipino,Luxury
Chennai_3,Chennai,2,4.300000000000001,850.0,2.0,North Indian,Premium
Pune_2,Pune,2,3.95,1600.0,3.5,North Indian,Luxury
Nashik_4,Nashik,2,3.55,600.0,2.5,North Indian,Medium
Inner City_0,Inner City,2,4.9,6529.6,4.0,European,Luxury
Kanpur_0,Kanpur,2,3.7,550.0,2.0,Cafe,Medium
Bogor_0,Bogor,2,3.85,848.0,2.5,Cafe,Medium
Pune_5,Pune,2,4.3,1400.0,3.0,Mexican,Luxury
Cape Town_2,Cape Town,2,4.6,1034.825,2.5,Cafe,Premium
Hyderabad_2,Hyderabad,2,4.05,1700.0,3.0,Seafood,Luxury
Indore_1,Indore,2,3.9,1075.0,3.0,North Indian,Premium
Hepburn Springs_0,Hepburn Springs,2,3.8,1288.035,1.5,Cafe,Luxury
Rio de Janeiro_4,Rio de Janeiro,2,4.75,3720.0,4.0,Desserts,Luxury
Orlando_18,Orlando,1,4.7,3339.35,3.0,American,Luxury
Mumbai_0,Mumbai,1,4.7,1000.0,3.0,North Indian,Premium
Orlando_17,Orlando,1,3.6,2385.25,2.0,Southern,Luxury
Nashik_3,Nashik,1,3.9,100.0,1.0,Maharashtrian,Budget
Orlando_16,Orlando,1,4.4,2385.25,2.0,American,Luxury
Nashik_12,Nashik,1,3.3,600.0,3.0,Cafe,Medium
Orlando_15,Orlando,1,4.6,3816.4,3.0,New American,Luxury
Nashik_2,Nashik,1,3.8,1500.0,4.0,North Indian,Premium
Orlando_14,Orlando,1,4.3,4293.45,3.0,Caribbean,Luxury
Nashik_13,Nashik,1,3.4,700.0,3.0,Chinese,Medium
Monroe_0,Monroe,1,3.6,2385.25,2.0,Italian,Luxury
Nashik_11,Nashik,1,3.6,600.0,3.0,North Indian,Medium
Orlando_13,Orlando,1,4.4,3816.4,3.0,Pub Food,Luxury
Orlando_12,Orlando,1,4.4,3816.4,3.0,Unknown,Luxury
Orlando_11,Orlando,1,4.9,2385.25,2.0,American,Luxury
Montville_0,Montville,1,2.4,2862.3,3.0,Coffee and Tea,Luxury
Mc Millan_0,Mc Millan,1,2.4,954.1,1.0,Breakfast,Premium
Mohali_0,Mohali,1,4.3,550.0,2.0,Continental,Medium
Mangalore_4,Mangalore,1,3.6,500.0,2.0,Cafe,Medium
Nashik_9,Nashik,1,3.7,500.0,3.0,Mughlai,Medium
Nashik_8,Nashik,1,3.4,900.0,3.0,North Indian,Premium
Nashik_7,Nashik,1,3.5,400.0,2.0,Malwani,Medium
Nashik_6,Nashik,1,3.6,1000.0,4.0,North Indian,Premium
Mangalore_11,Mangalore,1,3.5,600.0,2.0,Chinese,Medium
Mangalore_2,Mangalore,1,3.7,1000.0,3.0,Chinese,Premium
Mangalore_3,Mangalore,1,3.9,200.0,1.0,Desserts,Budget
Nashik_5,Nashik,1,3.8,1100.0,4.0,North Indian,Premium
Mangalore_5,Mangalore,1,3.7,500.0,2.0,South Indian,Medium
Miller_0,Miller,1,3.4,954.1,1.0,Unknown,Premium
Orlando_19,Orlando,1,4.4,954.1,1.0,Asian,Premium
Mangalore_6,Mangalore,1,3.7,1000.0,3.0,Continental,Premium
Mangalore_7,Mangalore,1,3.5,1500.0,4.0,North Indian,Premium
Mangalore_8,Mangalore,1,3.8,800.0,3.0,Finger Food,Premium
Mangalore_9,Mangalore,1,3.8,900.0,3.0,American,Premium
Mayfield_0,Mayfield,1,2.9,1908.2,2.0,Asian,Luxury
Mumbai_5,Mumbai,1,3.9,1000.0,3.0,Cafe,Premium
Middleton Beach_0,Middleton Beach,1,3.8,2862.3,3.0,Bar Food,Luxury
Orlando_10,Orlando,1,4.4,5724.599999999999,4.0,American,Luxury
Orlando_1,Orlando,1,4.2,3816.4,3.0,Mediterranean,Luxury
Mumbai_6,Mumbai,1,4.2,1500.0,3.0,Fast Food,Premium
Nagpur_2,Nagpur,1,4.0,500.0,2.0,North Indian,Medium
Mysore_6,Mysore,1,3.6,650.0,2.0,North Indian,Medium
Mysore_7,Mysore,1,3.6,700.0,2.0,Cafe,Medium
Mysore_8,Mysore,1,3.7,1000.0,3.0,North Indian,Premium
Mysore_9,Mysore,1,3.8,650.0,2.0,Continental,Medium
Nagpur_0,Nagpur,1,4.2,600.0,2.0,Cafe,Medium
Nagpur_1,Nagpur,1,3.9,250.0,1.0,Continental,Budget
Nagpur_10,Nagpur,1,4.2,1300.0,3.0,North Indian,Premium
Noida_14,Noida,1,0.0,550.0,2.0,North Indian,Medium
Nagpur_11,Nagpur,1,2.2,550.0,2.0,American,Medium
Nagpur_12,Nagpur,1,3.8,250.0,1.0,Cafe,Budget
Nagpur_13,Nagpur,1,3.3,500.0,2.0,Fast Food,Medium
Nagpur_14,Nagpur,1,3.9,350.0,2.0,Cafe,Medium
Nagpur_15,Nagpur,1,4.0,550.0,2.0,Fast Food,Medium
Nagpur_16,Nagpur,1,4.0,1000.0,3.0,Chinese,Premium
Nagpur_6,Nagpur,1,4.3,550.0,2.0,North Indian,Medium
Nagpur_17,Nagpur,1,4.4,1200.0,3.0,North Indian,Premium
Nagpur_18,Nagpur,1,4.0,1000.0,3.0,Seafood,Premium
Nagpur_19,Nagpur,1,4.9,1600.0,4.0,North Indian,Luxury
Nagpur_5,Nagpur,1,3.9,250.0,1.0,Cafe,Budget
Nagpur_4,Nagpur,1,4.3,1100.0,3.0,Continental,Premium
Nagpur_3,Nagpur,1,3.8,1000.0,3.0,Chinese,Premium
Mysore_5,Mysore,1,4.0,700.0,2.0,Pizza,Medium
Mysore_4,Mysore,1,3.7,900.0,3.0,North Indian,Premium
Noida_2,Noida,1,3.3,500.0,2.0,North Indian,Medium
Mysore_13,Mysore,1,4.0,1600.0,4.0,North Indian,Luxury
Nashik_10,Nashik,1,3.5,400.0,2.0,Fast Food,Medium
Orlando_0,Orlando,1,4.4,4770.5,4.0,Italian,Luxury
Ojo Caliente_0,Ojo Caliente,1,3.6,3816.4,3.0,American,Luxury
Nashik_0,Nashik,1,3.4,600.0,3.0,North Indian,Medium
Mysore_0,Mysore,1,3.8,1700.0,4.0,Continental,Luxury
Mysore_1,Mysore,1,3.3,1500.0,4.0,Continental,Premium
Mysore_10,Mysore,1,4.2,300.0,1.0,South Indian,Budget
Mysore_11,Mysore,1,3.7,1200.0,3.0,Finger Food,Premium
Mysore_12,Mysore,1,3.9,800.0,3.0,Italian,Premium
Mysore_14,Mysore,1,3.4,290.0,1.0,Andhra,Budget
Mysore_3,Mysore,1,3.5,700.0,2.0,North Indian,Medium
Mysore_15,Mysore,1,3.5,400.0,2.0,North Indian,Medium
Mysore_16,Mysore,1,3.7,650.0,2.0,Italian,Medium
Nagpur_9,Nagpur,1,3.7,400.0,2.0,Cafe,Medium
Mysore_17,Mysore,1,3.7,500.0,2.0,North Indian,Medium
Nagpur_8,Nagpur,1,4.0,750.0,3.0,Cafe,Premium
New Delhi_2,New Delhi,1,0.0,800.0,2.0,Chinese,Premium
Mysore_19,Mysore,1,3.5,500.0,2.0,North Indian,Medium
Nagpur_7,Nagpur,1,4.5,600.0,2.0,Cafe,Medium
Mysore_2,Mysore,1,3.6,1000.0,3.0,North Indian,Premium
Mysore_18,Mysore,1,3.7,550.0,2.0,Chinese,Medium
Patna_9,Patna,1,3.4,600.0,2.0,Continental,Medium
Orlando_2,Orlando,1,4.8,3816.4,3.0,German,Luxury
Tampa Bay_13,Tampa Bay,1,4.0,3816.4,3.0,Seafood,Luxury
Savannah_2,Savannah,1,4.7,3816.4,3.0,Burger,Luxury
Savannah_3,Savannah,1,3.8,3816.4,3.0,Seafood,Luxury
Sioux City_1,Sioux City,1,3.7,3816.4,3.0,Burger,Luxury
Tagaytay City_0,Tagaytay City,1,4.5,8448.0,3.0,Filipino,Luxury
Tampa Bay_0,Tampa Bay,1,3.9,6678.7,4.0,International,Luxury
Tampa Bay_1,Tampa Bay,1,4.5,3816.4,3.0,Breakfast,Luxury
Tampa Bay_10,Tampa Bay,1,4.4,3816.4,3.0,Cuban,Luxury
Tampa Bay_11,Tampa Bay,1,4.7,3816.4,3.0,Desserts,Luxury
Tampa Bay_12,Tampa Bay,1,4.4,2385.25,2.0,Breakfast,Luxury
Tampa Bay_14,Tampa Bay,1,4.1,2385.25,2.0,British,Luxury
Tampa Bay_7,Tampa Bay,1,4.9,954.1,1.0,Italian,Premium
Tampa Bay_15,Tampa Bay,1,4.6,2385.25,2.0,Latin American,Luxury
Tampa Bay_16,Tampa Bay,1,4.4,2385.25,2.0,American,Luxury
Tampa Bay_17,Tampa Bay,1,4.5,954.1,1.0,Mexican,Premium
Tampa Bay_18,Tampa Bay,1,3.9,3816.4,3.0,Breakfast,Luxury
Tampa Bay_19,Tampa Bay,1,4.1,2385.25,2.0,American,Luxury
Tampa Bay_2,Tampa Bay,1,4.5,3816.4,3.0,Sandwich,Luxury
Tampa Bay_3,Tampa Bay,1,4.6,2385.25,2.0,BBQ,Luxury
Tampa Bay_4,Tampa Bay,1,4.9,3816.4,3.0,European,Luxury
Tampa Bay_5,Tampa Bay,1,4.8,3816.4,3.0,International,Luxury
Savannah_1,Savannah,1,3.9,954.1,1.0,Unknown,Premium
Sao Paulo_2,Sao Paulo,1,4.4,1860.0,4.0,Brazilian,Luxury
Sandton_3,Sandton,1,3.8,2098.8,4.0,Italian,Luxury
Rio de Janeiro_7,Rio de Janeiro,1,4.0,2790.0,4.0,Italian,Luxury
Rest of Hawaii_12,Rest of Hawaii,1,3.9,2385.25,2.0,American,Luxury
Rest of Hawaii_13,Rest of Hawaii,1,4.3,3816.4,3.0,Hawaiian,Luxury
Rest of Hawaii_14,Rest of Hawaii,1,4.2,954.1,1.0,Asian,Premium
Rest of Hawaii_15,Rest of Hawaii,1,4.9,954.1,1.0,Japanese,Premium
Rest of Hawaii_16,Rest of Hawaii,1,4.5,954.1,1.0,American,Premium
Rest of Hawaii_17,Rest of Hawaii,1,4.4,6678.7,4.0,Hawaiian,Luxury
Rest of Hawaii_18,Rest of Hawaii,1,4.0,954.1,1.0,Breakfast,Premium
Rest of Hawaii_19,Rest of Hawaii,1,4.6,3816.4,3.0,American,Luxury
Rest of Hawaii_2,Rest of Hawaii,1,4.7,3339.35,3.0,American,Luxury
Rest of Hawaii_3,Rest of Hawaii,1,4.2,3816.4,3.0,Japanese,Luxury
Rest of Hawaii_4,Rest of Hawaii,1,4.5,2385.25,2.0,Seafood,Luxury
Rest of Hawaii_5,Rest of Hawaii,1,4.9,6678.7,4.0,Hawaiian,Luxury
Rest of Hawaii_6,Rest of Hawaii,1,4.4,2385.25,2.0,Breakfast,Luxury
Rest of Hawaii_7,Rest of Hawaii,1,4.2,3816.4,3.0,Burger,Luxury
Rest of Hawaii_8,Rest of Hawaii,1,4.3,3816.4,3.0,Hawaiian,Luxury
Rest of Hawaii_9,Rest of Hawaii,1,4.2,6678.7,4.0,Asian,Luxury
Rio de Janeiro_0,Rio de Janeiro,1,4.0,2604.0,4.0,Seafood,Luxury
Rio de Janeiro_2,Rio de Janeiro,1,0.0,1302.0,3.0,Bar Food,Premium
Rio de Janeiro_6,Rio de Janeiro,1,4.6,1581.0000000000002,3.0,Brazilian,Luxury
Tampa Bay_6,Tampa Bay,1,4.1,2385.25,2.0,Spanish,Luxury
Tampa Bay_8,Tampa Bay,1,4.7,6678.7,4.0,American,Luxury
Orlando_3,Orlando,1,4.9,3339.35,3.0,American,Luxury
Vizag_15,Vizag,1,4.3,600.0,2.0,Pizza,Medium
Vernonia_0,Vernonia,1,4.3,954.1,1.0,Coffee and Tea,Premium
Victor Harbor_0,Victor Harbor,1,3.6,1908.2,2.0,Coffee and Tea,Luxury
Vineland Station_0,Vineland Station,1,4.3,6678.7,4.0,Italian,Luxury
Vizag_1,Vizag,1,4.4,1400.0,3.0,Italian,Premium
Vizag_10,Vizag,1,4.6,600.0,2.0,Pizza,Medium
Vizag_11,Vizag,1,3.7,300.0,1.0,North Indian,Budget
Vizag_12,Vizag,1,4.1,1700.0,4.0,Continental,Luxury
Vizag_13,Vizag,1,4.3,600.0,2.0,Burger,Medium
Vizag_14,Vizag,1,4.2,300.0,1.0,South Indian,Budget
Vizag_2,Vizag,1,4.0,450.0,2.0,Biryani,Medium
Tampa Bay_9,Tampa Bay,1,4.2,3816.4,3.0,American,Luxury
Vizag_3,Vizag,1,3.8,1500.0,4.0,American,Premium
Vizag_4,Vizag,1,4.4,1300.0,3.0,Chinese,Premium
Vizag_5,Vizag,1,3.5,600.0,2.0,Andhra,Medium
Vizag_6,Vizag,1,4.1,600.0,2.0,South Indian,Medium
Vizag_7,Vizag,1,3.6,600.0,2.0,Continental,Medium
Vizag_8,Vizag,1,3.6,600.0,2.0,Andhra,Medium
Vizag_9,Vizag,1,3.6,500.0,2.0,Mughlai,Medium
Weirton_0,Weirton,1,3.9,2385.25,2.0,Burger,Luxury
Winchester Bay_0,Winchester Bay,1,3.2,2385.25,2.0,Burger,Luxury
Varanasi_9,Varanasi,1,3.3,800.0,3.0,North Indian,Premium
Varanasi_8,Varanasi,1,3.4,400.0,2.0,North Indian,Medium
Varanasi_6,Varanasi,1,3.2,500.0,3.0,Cafe,Medium
Varanasi_5,Varanasi,1,3.5,600.0,3.0,Chinese,Medium
Tanunda_0,Tanunda,1,4.4,2862.3,3.0,Modern Australian,Luxury
Trentham East_0,Trentham East,1,4.1,1908.2,2.0,Australian,Luxury
Vadodara_1,Vadodara,1,3.5,800.0,3.0,North Indian,Premium
Vadodara_10,Vadodara,1,4.5,400.0,2.0,South Indian,Medium
Vadodara_2,Vadodara,1,4.1,1000.0,3.0,Italian,Premium
Vadodara_3,Vadodara,1,3.8,800.0,3.0,Continental,Premium
Vadodara_4,Vadodara,1,3.8,500.0,2.0,Cafe,Medium
Vadodara_5,Vadodara,1,4.6,1300.0,3.0,Mediterranean,Premium
Vadodara_6,Vadodara,1,4.3,1500.0,4.0,Mughlai,Premium
Vadodara_7,Vadodara,1,4.0,600.0,2.0,Gujarati,Medium
Vadodara_8,Vadodara,1,4.1,1000.0,3.0,North Indian,Premium
Vadodara_9,Vadodara,1,4.1,600.0,2.0,Pizza,Medium
Varanasi_0,Varanasi,1,3.5,450.0,2.0,South Indian,Medium
Varanasi_10,Varanasi,1,3.4,350.0,2.0,North Indian,Medium
Varanasi_11,Varanasi,1,3.7,700.0,3.0,Pizza,Medium
Varanasi_12,Varanasi,1,3.5,150.0,1.0,Chinese,Budget
Varanasi_2,Varanasi,1,3.6,600.0,3.0,North Indian,Medium
Varanasi_3,Varanasi,1,3.4,450.0,2.0,Cafe,Medium
Varanasi_4,Varanasi,1,4.1,150.0,1.0,Street Food,Budget
Rest of Hawaii_11,Rest of Hawaii,1,4.5,2862.3,3.0,Seafood,Luxury
Rest of Hawaii_10,Rest of Hawaii,1,4.7,954.1,1.0,Unknown,Premium
Rest of Hawaii_1,Rest of Hawaii,1,4.2,2385.25,2.0,American,Luxury
Pensacola_14,Pensacola,1,4.2,2385.25,2.0,Breakfast,Luxury
Patna_8,Patna,1,3.4,700.0,2.0,North Indian,Medium
Paynesville_0,Paynesville,1,2.6,11449.2,4.0,Modern Australian,Luxury
Penola_0,Penola,1,3.4,1908.2,2.0,Cafe,Luxury
Pensacola_0,Pensacola,1,4.2,2385.25,2.0,Latin American,Luxury
Pensacola_1,Pensacola,1,4.7,954.1,1.0,Greek,Premium
Pensacola_10,Pensacola,1,3.5,3816.4,3.0,Caribbean,Luxury
Pensacola_11,Pensacola,1,4.1,2385.25,2.0,Italian,Luxury
Pensacola_12,Pensacola,1,4.4,3816.4,3.0,Sandwich,Luxury
Pensacola_13,Pensacola,1,3.9,2385.25,2.0,Tapas,Luxury
Pensacola_15,Pensacola,1,4.1,3816.4,3.0,Seafood,Luxury
Rest of Hawaii_0,Rest of Hawaii,1,4.6,954.1,1.0,Asian,Premium
Pensacola_16,Pensacola,1,4.0,3816.4,3.0,American,Luxury
Pensacola_17,Pensacola,1,4.9,3816.4,3.0,Burger,Luxury
Pensacola_18,Pensacola,1,3.9,3816.4,3.0,Seafood,Luxury
Pensacola_19,Pensacola,1,3.7,2385.25,2.0,Burger,Luxury
Pensacola_2,Pensacola,1,4.2,2385.25,2.0,Mexican,Luxury
Pensacola_3,Pensacola,1,4.3,3816.4,3.0,Caribbean,Luxury
Pensacola_4,Pensacola,1,3.7,3816.4,3.0,Italian,Luxury
Pensacola_5,Pensacola,1,4.3,2385.25,2.0,Japanese,Luxury
Pensacola_6,Pensacola,1,4.6,954.1,1.0,Italian,Premium
Patna_7,Patna,1,3.4,800.0,3.0,North Indian,Premium
Patna_6,Patna,1,3.7,1600.0,4.0,North Indian,Luxury
Patna_5,Patna,1,3.5,1200.0,3.0,North Indian,Premium
Patna_4,Patna,1,3.5,1000.0,3.0,North Indian,Premium
Orlando_4,Orlando,1,4.5,4293.45,3.0,Hawaiian,Luxury
Orlando_5,Orlando,1,4.3,4770.5,4.0,Irish,Luxury
Orlando_6,Orlando,1,4.6,3339.35,3.0,Asian,Luxury
Orlando_7,Orlando,1,4.6,9541.0,4.0,Brazilian,Luxury
Orlando_8,Orlando,1,4.7,2385.25,2.0,Cajun,Luxury
Orlando_9,Orlando,1,4.4,3816.4,3.0,Spanish,Luxury
Palm Cove_0,Palm Cove,1,4.4,2862.3,3.0,Mediterranean,Luxury
Panchkula_0,Panchkula,1,4.2,2000.0,4.0,North Indian,Luxury
Patna_0,Patna,1,3.4,500.0,2.0,Fast Food,Medium
Patna_10,Patna,1,3.4,300.0,1.0,South Indian,Budget
Patna_11,Patna,1,3.6,500.0,2.0,Biryani,Medium
Patna_12,Patna,1,3.6,1000.0,3.0,North Indian,Premium
Patna_13,Patna,1,3.3,500.0,2.0,Fast Food,Medium
Patna_14,Patna,1,3.3,1000.0,3.0,North Indian,Premium
Patna_15,Patna,1,3.3,600.0,2.0,North Indian,Medium
Patna_16,Patna,1,3.5,700.0,2.0,North Indian,Medium
Patna_17,Patna,1,3.6,600.0,2.0,North Indian,Medium
Patna_2,Patna,1,3.1,500.0,2.0,North Indian,Medium
Patna_3,Patna,1,3.6,450.0,2.0,Chinese,Medium
Pensacola_7,Pensacola,1,4.4,3816.4,3.0,Burger,Luxury
Pensacola_8,Pensacola,1,4.5,954.1,1.0,Asian,Premium
Pensacola_9,Pensacola,1,4.4,3816.4,3.0,European,Luxury
Pretoria_1,Pretoria,1,4.9,18714.3,4.0,French,Luxury
Pune_1,Pune,1,4.2,1500.0,3.0,North Indian,Premium
Quezon City_0,Quezon City,1,4.8,5632.0,3.0,Filipino,Luxury
Ranchi_0,Ranchi,1,3.6,1000.0,3.0,North Indian,Premium
Ranchi_10,Ranchi,1,3.4,2000.0,4.0,North Indian,Luxury
Ranchi_11,Ranchi,1,3.4,650.0,2.0,Chinese,Medium
Ranchi_12,Ranchi,1,4.0,450.0,1.0,Chinese,Medium
Ranchi_13,Ranchi,1,3.1,500.0,2.0,North Indian,Medium
Ranchi_14,Ranchi,1,3.5,200.0,1.0,Street Food,Budget
Ranchi_15,Ranchi,1,3.6,1000.0,3.0,Cafe,Premium
Ranchi_16,Ranchi,1,3.3,400.0,1.0,Fast Food,Medium
Ranchi_2,Ranchi,1,3.5,1500.0,3.0,North Indian,Premium
Ranchi_3,Ranchi,1,3.3,1000.0,3.0,North Indian,Premium
Ranchi_4,Ranchi,1,3.4,450.0,1.0,Chinese,Medium
Ranchi_5,Ranchi,1,3.5,700.0,2.0,Pizza,Medium
Ranchi_6,Ranchi,1,3.7,1000.0,3.0,Continental,Premium
Ranchi_7,Ranchi,1,3.7,400.0,1.0,South Indian,Medium
Ranchi_8,Ranchi,1,3.4,400.0,1.0,North Indian,Medium
Ranchi_9,Ranchi,1,3.2,500.0,2.0,Fast Food,Medium
Randburg_0,Randburg,1,4.3,1166.0,3.0,Cafe,Premium
Princeton_0,Princeton,1,4.0,6678.7,4.0,Seafood,Luxury
Potrero_0,Potrero,1,3.3,2385.25,2.0,American,Luxury
Phillip Island_0,Phillip Island,1,3.7,1908.2,2.0,Breakfast,Luxury
Pocatello_9,Pocatello,1,4.1,954.1,1.0,Mexican,Premium
Pocatello_0,Pocatello,1,3.8,954.1,1.0,Coffee and Tea,Premium
Pocatello_1,Pocatello,1,3.6,954.1,1.0,Pizza,Premium
Pocatello_10,Pocatello,1,3.5,954.1,1.0,Burger,Premium
Pocatello_11,Pocatello,1,3.6,3816.4,3.0,New American,Luxury
Pocatello_12,Pocatello,1,3.8,954.1,1.0,Pizza,Premium
Pocatello_13,Pocatello,1,3.7,3816.4,3.0,Italian,Luxury
Pocatello_14,Pocatello,1,3.6,2862.3,3.0,American,Luxury
Pocatello_15,Pocatello,1,3.6,954.1,1.0,Mexican,Premium
Pocatello_16,Pocatello,1,3.7,2385.25,2.0,Desserts,Luxury
Pocatello_17,Pocatello,1,3.7,2385.25,2.0,American,Luxury
Pocatello_18,Pocatello,1,3.6,954.1,1.0,Asian,Premium
Pocatello_19,Pocatello,1,3.8,2385.25,2.0,Indian,Luxury
Pocatello_2,Pocatello,1,3.7,954.1,1.0,Burger,Premium
Pocatello_3,Pocatello,1,0.0,2385.25,2.0,Indian,Luxury
Pocatello_4,Pocatello,1,3.5,4293.45,3.0,American,Luxury
Pocatello_5,Pocatello,1,3.6,3816.4,3.0,American,Luxury
Pocatello_6,Pocatello,1,3.7,2385.25,2.0,American,Luxury
Pocatello_7,Pocatello,1,3.6,2385.25,2.0,Asian,Luxury
Pocatello_8,Pocatello,1,3.5,954.1,1.0,Chinese,Premium
Mangalore_10,Mangalore,1,3.7,700.0,2.0,Chinese,Medium
Lucknow_0,Lucknow,1,4.3,450.0,2.0,Cafe,Medium
Mangalore_0,Mangalore,1,3.6,700.0,2.0,South Indian,Medium
Bhopal_11,Bhopal,1,3.9,500.0,2.0,South Indian,Medium
Bhubaneshwar_7,Bhubaneshwar,1,3.5,400.0,1.0,Asian,Medium
Bhubaneshwar_8,Bhubaneshwar,1,4.0,900.0,2.0,North Indian,Premium
Bhubaneshwar_9,Bhubaneshwar,1,4.3,1500.0,3.0,Chinese,Premium
Boise_1,Boise,1,4.4,3816.4,3.0,American,Luxury
Brasilia_0,Brasilia,1,3.3,6510.000000000001,4.0,Italian,Luxury
Brasilia_1,Brasilia,1,4.0,2790.0,4.0,American,Luxury
Cedar Rapids/Iowa City_0,Cedar Rapids/Iowa City,1,4.2,954.1,1.0,Chinese,Premium
Cedar Rapids/Iowa City_1,Cedar Rapids/Iowa City,1,4.3,2385.25,2.0,Pizza,Luxury
Cedar Rapids/Iowa City_10,Cedar Rapids/Iowa City,1,4.1,3816.4,3.0,American,Luxury
Cedar Rapids/Iowa City_11,Cedar Rapids/Iowa City,1,4.1,3816.4,3.0,Italian,Luxury
Cedar Rapids/Iowa City_12,Cedar Rapids/Iowa City,1,4.9,954.1,1.0,Burger,Premium
Cedar Rapids/Iowa City_13,Cedar Rapids/Iowa City,1,4.4,2385.25,2.0,American,Luxury
Cedar Rapids/Iowa City_14,Cedar Rapids/Iowa City,1,4.0,3816.4,3.0,Mediterranean,Luxury
Cedar Rapids/Iowa City_15,Cedar Rapids/Iowa City,1,4.1,2385.25,2.0,Indian,Luxury
Cedar Rapids/Iowa City_16,Cedar Rapids/Iowa City,1,3.8,3816.4,3.0,American,Luxury
Cedar Rapids/Iowa City_17,Cedar Rapids/Iowa City,1,3.6,2385.25,2.0,Breakfast,Luxury
Cedar Rapids/Iowa City_18,Cedar Rapids/Iowa City,1,4.5,954.1,1.0,American,Premium
Cedar Rapids/Iowa City_19,Cedar Rapids/Iowa City,1,4.3,3816.4,3.0,International,Luxury
Cedar Rapids/Iowa City_2,Cedar Rapids/Iowa City,1,4.1,954.1,1.0,Mexican,Premium
Cedar Rapids/Iowa City_3,Cedar Rapids/Iowa City,1,3.7,3816.4,3.0,American,Luxury
Cedar Rapids/Iowa City_4,Cedar Rapids/Iowa City,1,3.8,2385.25,2.0,American,Luxury
Bhubaneshwar_6,Bhubaneshwar,1,3.7,850.0,2.0,North Indian,Premium
Bhubaneshwar_5,Bhubaneshwar,1,3.6,450.0,1.0,North Indian,Medium
Bhubaneshwar_4,Bhubaneshwar,1,4.5,600.0,2.0,Cafe,Medium
Bhopal_9,Bhopal,1,4.4,400.0,2.0,North Indian,Medium
Bhopal_13,Bhopal,1,4.9,250.0,1.0,Fast Food,Budget
Bhopal_14,Bhopal,1,4.0,1000.0,3.0,North Indian,Premium
Bhopal_2,Bhopal,1,4.3,1800.0,4.0,North Indian,Luxury
Bhopal_3,Bhopal,1,4.3,500.0,2.0,Fast Food,Medium
Bhopal_4,Bhopal,1,3.9,700.0,2.0,North Indian,Medium
Bhopal_5,Bhopal,1,3.8,500.0,2.0,Bakery,Medium
Bhopal_6,Bhopal,1,4.2,500.0,2.0,Fast Food,Medium
Bhopal_7,Bhopal,1,4.1,400.0,2.0,North Indian,Medium
Bhopal_8,Bhopal,1,3.3,200.0,1.0,Cafe,Budget
Bhubaneshwar_0,Bhubaneshwar,1,4.1,1400.0,3.0,Cafe,Premium
Bhubaneshwar_3,Bhubaneshwar,1,3.8,500.0,2.0,Cafe,Medium
Bhubaneshwar_10,Bhubaneshwar,1,4.1,550.0,2.0,Chinese,Medium
Bhubaneshwar_11,Bhubaneshwar,1,3.8,450.0,1.0,Cafe,Medium
Bhubaneshwar_12,Bhubaneshwar,1,4.2,900.0,2.0,Chinese,Premium
Bhubaneshwar_13,Bhubaneshwar,1,4.0,400.0,1.0,Cafe,Medium
Bhubaneshwar_14,Bhubaneshwar,1,3.9,500.0,2.0,Fast Food,Medium
Bhubaneshwar_15,Bhubaneshwar,1,3.7,450.0,1.0,Chinese,Medium
Bhubaneshwar_16,Bhubaneshwar,1,3.7,500.0,2.0,Mughlai,Medium
Bhubaneshwar_17,Bhubaneshwar,1,3.8,600.0,2.0,North Indian,Medium
Bhubaneshwar_2,Bhubaneshwar,1,4.1,300.0,1.0,North Indian,Budget
Cedar Rapids/Iowa City_5,Cedar Rapids/Iowa City,1,4.1,2385.25,2.0,American,Luxury
Cedar Rapids/Iowa City_6,Cedar Rapids/Iowa City,1,4.2,2385.25,2.0,BBQ,Luxury
Cedar Rapids/Iowa City_7,Cedar Rapids/Iowa City,1,4.7,2385.25,2.0,Pizza,Luxury
Dalton_15,Dalton,1,3.7,2385.25,2.0,Italian,Luxury
Columbus_1,Columbus,1,4.4,3816.4,3.0,American,Luxury
Consort_0,Consort,1,3.0,2385.25,2.0,Chinese,Luxury
Dalton_0,Dalton,1,3.8,954.1,1.0,Mexican,Premium
Dalton_1,Dalton,1,4.1,954.1,1.0,Italian,Premium
Dalton_10,Dalton,1,4.2,954.1,1.0,American,Premium
Dalton_11,Dalton,1,4.6,2385.25,2.0,American,Luxury
Dalton_12,Dalton,1,4.3,954.1,1.0,American,Premium
Dalton_13,Dalton,1,3.8,2385.25,2.0,American,Luxury
Dalton_14,Dalton,1,4.2,2385.25,2.0,Thai,Luxury
Dalton_16,Dalton,1,4.9,954.1,1.0,BBQ,Premium
Colombo_8,Colombo,1,2.4,522.0,2.0,North Indian,Medium
Dalton_17,Dalton,1,4.1,954.1,1.0,Mexican,Premium
Dalton_18,Dalton,1,4.1,954.1,1.0,Fast Food,Premium
Dalton_19,Dalton,1,3.8,3816.4,3.0,Japanese,Luxury
Dalton_2,Dalton,1,3.7,2385.25,2.0,American,Luxury
Dalton_3,Dalton,1,4.1,954.1,1.0,BBQ,Premium
Dalton_4,Dalton,1,3.9,954.1,1.0,Mexican,Premium
Dalton_5,Dalton,1,4.3,954.1,1.0,Japanese,Premium
Dalton_6,Dalton,1,3.7,954.1,1.0,Desserts,Premium
Dalton_7,Dalton,1,4.4,954.1,1.0,Desserts,Premium
Colombo_9,Colombo,1,4.0,725.0,3.0,Sri Lankan,Premium
Colombo_7,Colombo,1,4.1,580.0,3.0,Continental,Medium
Cedar Rapids/Iowa City_8,Cedar Rapids/Iowa City,1,4.2,2385.25,2.0,Indian,Luxury
Colombo_13,Colombo,1,4.1,290.0,2.0,Desserts,Budget
Cedar Rapids/Iowa City_9,Cedar Rapids/Iowa City,1,4.2,954.1,1.0,Chinese,Premium
Chatham-Kent_0,Chatham-Kent,1,3.7,2385.25,2.0,Japanese,Luxury
Clatskanie_0,Clatskanie,1,4.3,954.1,1.0,American,Premium
Cochrane_0,Cochrane,1,3.1,2385.25,2.0,Asian,Luxury
Colombo_0,Colombo,1,4.0,1160.0,4.0,American,Premium
Colombo_1,Colombo,1,4.2,869.9999999999999,3.0,Continental,Premium
Colombo_10,Colombo,1,4.1,290.0,2.0,Fast Food,Budget
Colombo_11,Colombo,1,3.8,1015.0,3.0,Cafe,Premium
Colombo_12,Colombo,1,4.2,290.0,2.0,Desserts,Budget
Colombo_14,Colombo,1,3.6,580.0,3.0,Cafe,Medium
Colombo_6,Colombo,1,4.5,377.0,2.0,Juices,Medium
Colombo_15,Colombo,1,2.5,580.0,3.0,American,Medium
Colombo_16,Colombo,1,4.2,869.9999999999999,3.0,American,Premium
Colombo_17,Colombo,1,4.0,725.0,3.0,Cafe,Premium
Colombo_18,Colombo,1,4.9,1160.0,4.0,Seafood,Premium
Colombo_19,Colombo,1,4.2,696.0,3.0,Middle Eastern,Medium
Colombo_2,Colombo,1,3.4,580.0,3.0,Chinese,Medium
Colombo_3,Colombo,1,3.7,725.0,3.0,Italian,Premium
Colombo_4,Colombo,1,3.5,435.0,2.0,Malaysian,Medium
Colombo_5,Colombo,1,4.0,1305.0,4.0,Seafood,Premium
Bhopal_12,Bhopal,1,3.5,550.0,2.0,North Indian,Medium
Bhopal_10,Bhopal,1,3.6,350.0,2.0,Fast Food,Medium
Macon_9,Macon,1,4.6,2385.25,2.0,Seafood,Luxury
Bhopal_0,Bhopal,1,4.1,650.0,2.0,Pizza,Medium
Allahabad_2,Allahabad,1,3.2,500.0,3.0,North Indian,Medium
Allahabad_3,Allahabad,1,3.5,400.0,2.0,South Indian,Medium
Allahabad_4,Allahabad,1,3.4,600.0,3.0,North Indian,Medium
Allahabad_5,Allahabad,1,3.5,500.0,3.0,North Indian,Medium
Allahabad_6,Allahabad,1,3.4,500.0,3.0,North Indian,Medium
Allahabad_7,Allahabad,1,3.4,500.0,3.0,American,Medium
Allahabad_8,Allahabad,1,3.2,500.0,3.0,North Indian,Medium
Allahabad_9,Allahabad,1,3.4,500.0,3.0,South Indian,Medium
Amritsar_0,Amritsar,1,3.4,1200.0,3.0,North Indian,Premium
Amritsar_10,Amritsar,1,3.9,200.0,1.0,North Indian,Budget
Amritsar_11,Amritsar,1,4.1,500.0,2.0,North Indian,Medium
Amritsar_12,Amritsar,1,3.8,500.0,2.0,North Indian,Medium
Amritsar_13,Amritsar,1,3.4,600.0,2.0,North Indian,Medium
Amritsar_14,Amritsar,1,3.9,300.0,1.0,North Indian,Budget
Amritsar_15,Amritsar,1,3.6,150.0,1.0,Street Food,Budget
Amritsar_16,Amritsar,1,3.8,500.0,2.0,North Indian,Medium
Amritsar_17,Amritsar,1,3.5,300.0,1.0,North Indian,Budget
Amritsar_2,Amritsar,1,3.4,800.0,3.0,North Indian,Premium
Amritsar_3,Amritsar,1,3.8,400.0,2.0,North Indian,Medium
Amritsar_4,Amritsar,1,3.4,700.0,2.0,North Indian,Medium
Amritsar_5,Amritsar,1,3.6,700.0,2.0,North Indian,Medium
Allahabad_15,Allahabad,1,3.3,800.0,3.0,Mughlai,Premium
Allahabad_14,Allahabad,1,3.7,200.0,1.0,North Indian,Budget
Allahabad_13,Allahabad,1,3.3,200.0,1.0,North Indian,Budget
Agra_2,Agra,1,3.9,850.0,3.0,North Indian,Premium
Abu Dhabi_10,Abu Dhabi,1,4.4,3910.5,3.0,Italian,Luxury
Abu Dhabi_2,Abu Dhabi,1,4.6,5214.0,4.0,American,Luxury
Abu Dhabi_3,Abu Dhabi,1,4.9,8603.1,4.0,Indian,Luxury
Abu Dhabi_4,Abu Dhabi,1,4.2,2607.0,3.0,Fast Food,Luxury
Abu Dhabi_6,Abu Dhabi,1,4.0,6517.5,4.0,American,Luxury
Abu Dhabi_8,Abu Dhabi,1,4.0,1303.5,2.0,Pakistani,Premium
Agra_10,Agra,1,4.1,700.0,2.0,North Indian,Medium
Agra_11,Agra,1,3.4,1100.0,3.0,North Indian,Premium
Agra_12,Agra,1,3.6,500.0,2.0,North Indian,Medium
Agra_3,Agra,1,4.2,1000.0,3.0,North Indian,Premium
Allahabad_12,Allahabad,1,3.6,500.0,3.0,Desserts,Medium
Agra_5,Agra,1,4.0,400.0,2.0,Rajasthani,Medium
Agra_6,Agra,1,4.4,700.0,2.0,Italian,Medium
Agra_7,Agra,1,4.1,550.0,2.0,South Indian,Medium
Agra_8,Agra,1,3.7,900.0,3.0,North Indian,Premium
Agra_9,Agra,1,4.9,300.0,1.0,Cafe,Budget
Albany_1,Albany,1,3.4,954.1,1.0,American,Premium
Allahabad_0,Allahabad,1,3.3,400.0,2.0,Fast Food,Medium
Allahabad_10,Allahabad,1,3.6,1000.0,4.0,Continental,Premium
Allahabad_11,Allahabad,1,3.3,350.0,2.0,Cafe,Medium
Amritsar_6,Amritsar,1,3.7,500.0,2.0,North Indian,Medium
Amritsar_7,Amritsar,1,3.5,1000.0,3.0,North Indian,Premium
Amritsar_8,Amritsar,1,3.5,500.0,2.0,North Indian,Medium
Aurangabad_3,Aurangabad,1,3.6,800.0,3.0,North Indian,Premium
Aurangabad_0,Aurangabad,1,3.3,500.0,2.0,Italian,Medium
Aurangabad_10,Aurangabad,1,3.3,600.0,2.0,North Indian,Medium
Aurangabad_11,Aurangabad,1,3.4,450.0,2.0,Maharashtrian,Medium
Aurangabad_12,Aurangabad,1,3.4,500.0,2.0,North Indian,Medium
Aurangabad_13,Aurangabad,1,3.6,1000.0,3.0,Continental,Premium
Aurangabad_14,Aurangabad,1,3.4,450.0,2.0,South Indian,Medium
Aurangabad_15,Aurangabad,1,3.4,350.0,2.0,North Indian,Medium
Aurangabad_16,Aurangabad,1,3.3,700.0,2.0,Mughlai,Medium
Aurangabad_2,Aurangabad,1,3.7,450.0,2.0,North Indian,Medium
Aurangabad_4,Aurangabad,1,3.3,400.0,2.0,South Indian,Medium
Augusta_4,Augusta,1,4.0,2385.25,2.0,Indian,Luxury
Aurangabad_5,Aurangabad,1,3.4,1800.0,4.0,North Indian,Luxury
Aurangabad_6,Aurangabad,1,3.3,600.0,2.0,North Indian,Medium
Aurangabad_7,Aurangabad,1,3.3,450.0,2.0,North Indian,Medium
Aurangabad_8,Aurangabad,1,3.1,700.0,2.0,Pizza,Medium
Aurangabad_9,Aurangabad,1,3.4,650.0,2.0,Mughlai,Medium
Balingup_0,Balingup,1,3.2,1908.2,2.0,Modern Australian,Luxury
Bandung_0,Bandung,1,4.2,795.0,3.0,Cafe,Premium
Bangalore_3,Bangalore,1,4.6,600.0,2.0,Pizza,Medium
Beechworth_0,Beechworth,1,4.6,1908.2,2.0,Pizza,Luxury
Augusta_5,Augusta,1,3.5,2385.25,2.0,BBQ,Luxury
Augusta_3,Augusta,1,4.2,954.1,1.0,Mexican,Premium
Amritsar_9,Amritsar,1,3.5,400.0,2.0,Fast Food,Medium
Auckland_16,Auckland,1,4.0,3337.8,3.0,Cafe,Luxury
Armidale_0,Armidale,1,3.5,1908.2,2.0,Bar Food,Luxury
Auckland_0,Auckland,1,4.5,2503.35,3.0,Cafe,Luxury
Auckland_1,Auckland,1,4.0,2781.5,3.0,Cafe,Luxury
Auckland_10,Auckland,1,4.3,1947.05,2.0,Chinese,Luxury
Auckland_11,Auckland,1,4.6,6675.6,4.0,Italian,Luxury
Auckland_12,Auckland,1,4.7,10569.7,4.0,European,Luxury
Auckland_13,Auckland,1,4.8,5006.7,4.0,Seafood,Luxury
Auckland_14,Auckland,1,4.2,5006.7,4.0,Asian Fusion,Luxury
Auckland_15,Auckland,1,4.9,2781.5,3.0,Desserts,Luxury
Auckland_17,Auckland,1,4.9,1390.75,1.0,Desserts,Premium
Auckland_9,Auckland,1,4.1,3615.95,3.0,American,Luxury
Auckland_18,Auckland,1,4.7,1112.6,1.0,Ice Cream,Premium
Auckland_19,Auckland,1,4.6,3337.8,3.0,Cafe,Luxury
Auckland_2,Auckland,1,4.0,3337.8,3.0,Malaysian,Luxury
Auckland_3,Auckland,1,4.3,2225.2000000000003,2.0,Thai,Luxury
Auckland_4,Auckland,1,2.3,5563.0,4.0,European,Luxury
Auckland_5,Auckland,1,4.5,3059.65,3.0,Asian,Luxury
Auckland_6,Auckland,1,4.4,2781.5,3.0,Taiwanese,Luxury
Auckland_7,Auckland,1,4.2,5006.7,4.0,Kiwi,Luxury
Auckland_8,Auckland,1,3.5,3894.1,4.0,Asian Fusion,Luxury
Dalton_8,Dalton,1,4.1,954.1,1.0,American,Premium
Dalton_9,Dalton,1,4.4,2385.25,2.0,BBQ,Luxury
Dehradun_0,Dehradun,1,4.0,1250.0,4.0,Mughlai,Premium
Dehradun_10,Dehradun,1,4.0,1200.0,4.0,North Indian,Premium
Kanpur_15,Kanpur,1,4.1,500.0,2.0,Desserts,Medium
Kanpur_16,Kanpur,1,4.1,350.0,2.0,Fast Food,Medium
Kanpur_17,Kanpur,1,3.4,350.0,2.0,Bakery,Medium
Kanpur_18,Kanpur,1,3.3,800.0,3.0,North Indian,Premium
Kanpur_2,Kanpur,1,3.6,300.0,1.0,Indian,Budget
Kanpur_3,Kanpur,1,4.3,1500.0,4.0,North Indian,Premium
Kanpur_4,Kanpur,1,4.0,1000.0,3.0,Finger Food,Premium
Kanpur_5,Kanpur,1,3.8,1000.0,3.0,North Indian,Premium
Kanpur_6,Kanpur,1,3.9,1500.0,4.0,Chinese,Premium
Kanpur_7,Kanpur,1,3.9,300.0,1.0,Cafe,Budget
Kanpur_8,Kanpur,1,3.3,550.0,2.0,Chinese,Medium
Kanpur_9,Kanpur,1,3.7,1500.0,4.0,Chinese,Premium
Lakes Entrance_0,Lakes Entrance,1,3.8,667.87,1.0,Breakfast,Medium
Lakeview_0,Lakeview,1,3.6,954.1,1.0,Burger,Premium
Lincoln_0,Lincoln,1,4.5,2385.25,2.0,Thai,Luxury
Lorn_0,Lorn,1,3.6,1908.2,2.0,Breakfast,Luxury
Abu Dhabi_1,Abu Dhabi,1,4.0,3128.4,3.0,Indian,Luxury
Lucknow_10,Lucknow,1,4.1,1000.0,3.0,European,Premium
Lucknow_11,Lucknow,1,3.7,1000.0,3.0,Continental,Premium
Lucknow_12,Lucknow,1,4.4,400.0,2.0,Mughlai,Medium
Lucknow_13,Lucknow,1,4.3,1000.0,3.0,Italian,Premium
Kanpur_14,Kanpur,1,4.0,1500.0,4.0,North Indian,Premium
Kanpur_13,Kanpur,1,3.9,400.0,2.0,North Indian,Medium
Kanpur_12,Kanpur,1,4.0,1400.0,3.0,North Indian,Premium
Jakarta_15,Jakarta,1,4.3,1855.0,3.0,French,Luxury
Istanbul_2,Istanbul,1,4.9,269.1,4.0,Bar Food,Budget
Jaipur_2,Jaipur,1,4.3,1600.0,3.0,Rajasthani,Luxury
Jakarta_0,Jakarta,1,4.6,4240.0,3.0,Asian,Luxury
Jakarta_1,Jakarta,1,3.4,530.0,3.0,Seafood,Medium
Jakarta_10,Jakarta,1,4.3,1590.0,3.0,Cafe,Luxury
Jakarta_11,Jakarta,1,4.4,1060.0,3.0,Japanese,Premium
Jakarta_12,Jakarta,1,4.1,4240.0,3.0,Italian,Luxury
Jakarta_13,Jakarta,1,4.4,636.0,3.0,Burger,Medium
Jakarta_14,Jakarta,1,4.6,1060.0,3.0,Desserts,Premium
Jakarta_2,Jakarta,1,4.9,1060.0,3.0,Sunda,Premium
Kanpur_11,Kanpur,1,4.1,1000.0,3.0,North Indian,Premium
Jakarta_3,Jakarta,1,4.9,1060.0,3.0,Sunda,Premium
Jakarta_4,Jakarta,1,3.9,1060.0,3.0,Korean,Premium
Jakarta_5,Jakarta,1,4.2,1325.0,3.0,Western,Premium
Jakarta_6,Jakarta,1,4.9,2650.0,3.0,Sushi,Luxury
Jakarta_7,Jakarta,1,4.0,530.0,3.0,Seafood,Medium
Jakarta_8,Jakarta,1,4.2,2385.0,3.0,Japanese,Luxury
Jakarta_9,Jakarta,1,4.6,874.5,3.0,Cafe,Premium
Kanpur_1,Kanpur,1,3.6,850.0,3.0,Chinese,Premium
Kanpur_10,Kanpur,1,3.9,3000.0,4.0,North Indian,Luxury
Lucknow_14,Lucknow,1,4.1,400.0,2.0,Cafe,Medium
Lucknow_15,Lucknow,1,4.2,1200.0,3.0,North Indian,Premium
Lucknow_16,Lucknow,1,4.2,1100.0,3.0,North Indian,Premium
Macon_14,Macon,1,4.9,954.1,1.0,Pizza,Premium
Ludhiana_8,Ludhiana,1,4.6,800.0,2.0,North Indian,Premium
Ludhiana_9,Ludhiana,1,4.2,1400.0,3.0,Italian,Premium
Macedon_0,Macedon,1,3.5,1908.2,2.0,Cafe,Luxury
Macon_0,Macon,1,4.0,6678.7,4.0,Steak,Luxury
Macon_1,Macon,1,4.0,2385.25,2.0,American,Luxury
Macon_10,Macon,1,3.7,2385.25,2.0,Italian,Luxury
Macon_11,Macon,1,4.2,2385.25,2.0,BBQ,Luxury
Macon_12,Macon,1,3.7,2385.25,2.0,American,Luxury
Macon_13,Macon,1,3.7,954.1,1.0,Japanese,Premium
Macon_15,Macon,1,4.2,954.1,1.0,Greek,Premium
Ludhiana_6,Ludhiana,1,3.9,400.0,1.0,North Indian,Medium
Macon_16,Macon,1,4.1,954.1,1.0,Mexican,Premium
Macon_18,Macon,1,4.3,954.1,1.0,Desserts,Premium
Macon_2,Macon,1,4.1,3816.4,3.0,American,Luxury
Macon_3,Macon,1,4.0,954.1,1.0,Japanese,Premium
Macon_4,Macon,1,4.5,2385.25,2.0,Chinese,Luxury
Macon_5,Macon,1,4.2,6678.7,4.0,European,Luxury
Macon_6,Macon,1,3.9,2385.25,2.0,Coffee and Tea,Luxury
Macon_7,Macon,1,4.1,3816.4,3.0,Japanese,Luxury
Macon_8,Macon,1,3.8,2385.25,2.0,Pizza,Luxury
Ludhiana_7,Ludhiana,1,3.5,1000.0,3.0,North Indian,Premium
Ludhiana_5,Ludhiana,1,4.3,2000.0,4.0,Mediterranean,Luxury
Lucknow_17,Lucknow,1,4.2,2000.0,4.0,North Indian,Luxury
Ludhiana_10,Ludhiana,1,3.8,1600.0,3.0,European,Luxury
Lucknow_2,Lucknow,1,4.2,1000.0,3.0,North Indian,Premium
Lucknow_3,Lucknow,1,4.7,1600.0,4.0,North Indian,Luxury
Lucknow_4,Lucknow,1,4.6,800.0,3.0,Cafe,Premium
Lucknow_5,Lucknow,1,3.9,1100.0,3.0,North Indian,Premium
Lucknow_6,Lucknow,1,4.9,300.0,1.0,Mughlai,Budget
Lucknow_7,Lucknow,1,4.0,700.0,2.0,Cafe,Medium
Lucknow_8,Lucknow,1,3.9,450.0,2.0,Cafe,Medium
Lucknow_9,Lucknow,1,4.1,400.0,2.0,Cafe,Medium
Ludhiana_0,Ludhiana,1,4.1,1500.0,3.0,Italian,Premium
Ludhiana_11,Ludhiana,1,3.9,1400.0,3.0,North Indian,Premium
Ludhiana_4,Ludhiana,1,3.6,800.0,2.0,North Indian,Premium
Ludhiana_12,Ludhiana,1,3.7,800.0,2.0,Cafe,Premium
Ludhiana_13,Ludhiana,1,3.9,1500.0,3.0,North Indian,Premium
Ludhiana_14,Ludhiana,1,4.2,800.0,2.0,Cafe,Premium
Ludhiana_15,Ludhiana,1,3.8,1200.0,3.0,Portuguese,Premium
Ludhiana_16,Ludhiana,1,3.6,700.0,2.0,Pizza,Medium
Ludhiana_17,Ludhiana,1,4.2,800.0,2.0,Continental,Premium
Ludhiana_18,Ludhiana,1,4.4,1100.0,3.0,Cafe,Premium
Ludhiana_2,Ludhiana,1,4.1,1400.0,3.0,North Indian,Premium
Ludhiana_3,Ludhiana,1,4.4,1200.0,3.0,Mughlai,Premium
Inverloch_0,Inverloch,1,3.7,667.87,1.0,Burger,Medium
Huskisson_0,Huskisson,1,4.1,1908.2,2.0,Breakfast,Luxury
Guwahati_9,Guwahati,1,4.3,700.0,2.0,Continental,Medium
Dubai_3,Dubai,1,3.9,7299.6,3.0,Mediterranean,Luxury
Des Moines_3,Des Moines,1,4.0,954.1,1.0,Breakfast,Premium
Des Moines_4,Des Moines,1,4.5,3816.4,3.0,BBQ,Luxury
Des Moines_5,Des Moines,1,4.1,6678.7,4.0,American,Luxury
Des Moines_6,Des Moines,1,4.5,2385.25,2.0,BBQ,Luxury
Des Moines_7,Des Moines,1,4.1,954.1,1.0,Chinese,Premium
Des Moines_8,Des Moines,1,4.0,2385.25,2.0,Asian,Luxury
Des Moines_9,Des Moines,1,3.8,2385.25,2.0,American,Luxury
Dicky Beach_0,Dicky Beach,1,3.6,667.87,1.0,Coffee and Tea,Medium
Doha_1,Doha,1,4.0,6547.5,4.0,Steak,Luxury
Dubai_5,Dubai,1,4.3,2607.0,3.0,Fast Food,Luxury
Des Moines_19,Des Moines,1,4.2,3816.4,3.0,American,Luxury
Dubai_6,Dubai,1,4.8,4171.2,3.0,Indian,Luxury
Dubai_8,Dubai,1,4.5,7821.0,4.0,American,Luxury
East Ballina_0,East Ballina,1,4.1,1908.2,2.0,Cafe,Luxury
Faridabad_20,Faridabad,1,0.0,150.0,1.0,Raw Meats,Budget
Fernley_0,Fernley,1,3.7,954.1,1.0,Mexican,Premium
Flaxton_0,Flaxton,1,3.5,2862.3,3.0,Tea,Luxury
Forrest_0,Forrest,1,3.7,1908.2,2.0,Cafe,Luxury
Gainesville_0,Gainesville,1,3.8,2385.25,2.0,Seafood,Luxury
Gainesville_1,Gainesville,1,3.9,954.1,1.0,German,Premium
Des Moines_2,Des Moines,1,4.1,2385.25,2.0,Asian,Luxury
Des Moines_18,Des Moines,1,4.3,3816.4,3.0,French,Luxury
Gainesville_11,Gainesville,1,4.3,3816.4,3.0,American,Luxury
Dehradun_8,Dehradun,1,4.2,750.0,3.0,Chinese,Premium
Dehradun_11,Dehradun,1,3.8,550.0,3.0,North Indian,Medium
Dehradun_12,Dehradun,1,3.9,1000.0,4.0,North Indian,Premium
Dehradun_13,Dehradun,1,4.9,1500.0,4.0,North Indian,Premium
Dehradun_2,Dehradun,1,3.9,650.0,3.0,Desserts,Medium
Dehradun_3,Dehradun,1,4.4,1600.0,4.0,North Indian,Luxury
Dehradun_4,Dehradun,1,3.9,600.0,3.0,North Indian,Medium
Dehradun_5,Dehradun,1,4.2,500.0,3.0,Cafe,Medium
Dehradun_6,Dehradun,1,4.0,500.0,3.0,Cafe,Medium
Dehradun_7,Dehradun,1,3.9,600.0,3.0,Burger,Medium
Dehradun_9,Dehradun,1,4.3,300.0,1.0,Chinese,Budget
Des Moines_17,Des Moines,1,4.5,3816.4,3.0,Italian,Luxury
Des Moines_0,Des Moines,1,4.6,2385.25,2.0,Chinese,Luxury
Des Moines_1,Des Moines,1,4.9,2385.25,2.0,American,Luxury
Des Moines_10,Des Moines,1,4.3,2385.25,2.0,American,Luxury
Des Moines_11,Des Moines,1,3.2,2385.25,2.0,Latin American,Luxury
Des Moines_12,Des Moines,1,4.2,954.1,1.0,Burger,Premium
Des Moines_13,Des Moines,1,4.4,954.1,1.0,Asian,Premium
Des Moines_14,Des Moines,1,4.0,2385.25,2.0,Latin American,Luxury
Des Moines_15,Des Moines,1,4.8,2385.25,2.0,Japanese,Luxury
Des Moines_16,Des Moines,1,4.2,3816.4,3.0,Seafood,Luxury
Gainesville_10,Gainesville,1,4.9,2385.25,2.0,Sandwich,Luxury
Gainesville_12,Gainesville,1,4.4,954.1,1.0,Chinese,Premium
Guwahati_8,Guwahati,1,4.6,800.0,3.0,Cafe,Premium
Guwahati_11,Guwahati,1,4.0,1000.0,3.0,Continental,Premium
Goa_3,Goa,1,4.7,1500.0,4.0,Seafood,Premium
Goa_4,Goa,1,4.6,1100.0,4.0,Continental,Premium
Goa_5,Goa,1,3.8,700.0,3.0,Goan,Medium
Goa_6,Goa,1,4.8,1100.0,4.0,Fast Food,Premium
Goa_7,Goa,1,3.8,1100.0,4.0,North Indian,Premium
Goa_8,Goa,1,4.5,800.0,3.0,Italian,Premium
Goa_9,Goa,1,3.7,800.0,3.0,Italian,Premium
Guwahati_1,Guwahati,1,4.7,600.0,2.0,Cafe,Medium
Guwahati_10,Guwahati,1,4.1,500.0,2.0,Cafe,Medium
Guwahati_12,Guwahati,1,3.6,300.0,1.0,Chinese,Budget
Goa_17,Goa,1,4.3,1400.0,4.0,North Indian,Premium
Guwahati_13,Guwahati,1,4.9,1500.0,4.0,North Indian,Premium
Guwahati_14,Guwahati,1,4.1,400.0,2.0,Cafe,Medium
Guwahati_15,Guwahati,1,3.9,1400.0,3.0,North Indian,Premium
Guwahati_2,Guwahati,1,4.1,750.0,3.0,Chinese,Premium
Guwahati_3,Guwahati,1,4.1,500.0,2.0,Asian,Medium
Guwahati_4,Guwahati,1,4.0,500.0,2.0,Cafe,Medium
Guwahati_5,Guwahati,1,3.6,800.0,3.0,Chinese,Premium
Guwahati_6,Guwahati,1,4.3,600.0,2.0,Chinese,Medium
Guwahati_7,Guwahati,1,4.2,500.0,2.0,Continental,Medium
Goa_2,Goa,1,4.4,1600.0,4.0,Goan,Luxury
Goa_16,Goa,1,4.3,800.0,3.0,Cafe,Premium
Gainesville_13,Gainesville,1,3.8,3816.4,3.0,German,Luxury
Gainesville_5,Gainesville,1,4.4,2385.25,2.0,American,Luxury
Gainesville_14,Gainesville,1,4.1,954.1,1.0,BBQ,Premium
Gainesville_15,Gainesville,1,4.2,2385.25,2.0,American,Luxury
Gainesville_16,Gainesville,1,3.9,954.1,1.0,BBQ,Premium
Gainesville_17,Gainesville,1,3.9,3816.4,3.0,Unknown,Luxury
Gainesville_18,Gainesville,1,2.2,2385.25,2.0,Burger,Luxury
Gainesville_19,Gainesville,1,4.1,2385.25,2.0,Bar Food,Luxury
Gainesville_2,Gainesville,1,3.8,2385.25,2.0,American,Luxury
Gainesville_3,Gainesville,1,4.2,2385.25,2.0,American,Luxury
Gainesville_4,Gainesville,1,4.1,954.1,1.0,BBQ,Premium
Gainesville_6,Gainesville,1,3.8,2385.25,2.0,BBQ,Luxury
Goa_15,Goa,1,4.5,600.0,3.0,Goan,Medium
Gainesville_7,Gainesville,1,4.6,954.1,1.0,Thai,Premium
Gainesville_8,Gainesville,1,4.3,954.1,1.0,Southern,Premium
Gainesville_9,Gainesville,1,4.0,954.1,1.0,Italian,Premium
Goa_0,Goa,1,4.2,1000.0,4.0,North Indian,Premium
Goa_10,Goa,1,3.7,1500.0,4.0,Finger Food,Premium
Goa_11,Goa,1,4.4,2000.0,4.0,Finger Food,Luxury
Goa_12,Goa,1,4.2,800.0,3.0,Goan,Premium
Goa_13,Goa,1,3.5,1500.0,4.0,Continental,Premium
Goa_14,Goa,1,4.3,1300.0,4.0,North Indian,Premium
Yorkton_0,Yorkton,1,3.3,2385.25,2.0,Asian,Luxury
