City,Locality,Restaurant_Count,Avg_Rating,Avg_Cost_INR,Avg_Price_Range,Total_Votes,Most_Common_Cuisine
New Delhi,Connaught Place,122,3.6868852459016392,1175.0,2.598360655737705,128109,North Indian
New Delhi,Rajouri Garden,99,3.591919191919192,855.0505050505051,2.202020202020202,25692,North Indian
New Delhi,Shahdara,87,1.4137931034482758,290.8045977011494,1.1379310344827587,669,North Indian
New Delhi,Defence Colony,86,3.21046511627907,741.2790697674419,1.930232558139535,15598,North Indian
New Delhi,Pitampura,85,2.8705882352941177,449.4117647058824,1.4705882352941178,4049,North Indian
New Delhi,Malviya Nagar,84,3.417857142857143,633.3333333333334,1.7738095238095237,12088,North Indian
New Delhi,Mayur Vihar Phase 1,84,2.026190476190476,372.6190476190476,1.2976190476190477,1892,North Indian
New Delhi,Rajinder Nagar,81,2.94320987654321,439.75308641975306,1.4320987654320987,5171,North Indian
New Delhi,Safdarjung,80,2.80125,580.0,1.675,8837,North Indian
New Delhi,Satyaniketan,79,3.4822784810126586,537.9746835443038,1.620253164556962,16458,Chinese
New Delhi,Karol Bagh,76,3.0710526315789473,509.86842105263156,1.5657894736842106,7305,North Indian
Noida,Sector 62,76,1.9552631578947368,447.36842105263156,1.4210526315789473,2559,Chinese
New Delhi,Krishna Nagar,76,1.8710526315789473,359.86842105263156,1.263157894736842,1019,North Indian
Noida,Sector 18,75,3.3706666666666667,858.0,2.1333333333333333,22122,North Indian
New Delhi,Hauz Khas,74,2.5067567567567566,497.2972972972973,1.5405405405405406,5511,North Indian
New Delhi,Kalkaji,73,2.989041095890411,438.35616438356163,1.3835616438356164,3648,North Indian
Gurgaon,DLF Phase 3,69,3.201449275362319,440.57971014492756,1.434782608695652,3937,North Indian
New Delhi,Mahipalpur,69,1.0724637681159421,436.95652173913044,1.463768115942029,289,North Indian
New Delhi,Mukherjee Nagar,68,1.061764705882353,242.64705882352942,1.0735294117647058,216,North Indian
New Delhi,Chandni Chowk,67,2.7567164179104475,263.43283582089555,1.1194029850746268,6680,North Indian
New Delhi,Shalimar Bagh,67,2.1701492537313434,361.1940298507463,1.2238805970149254,1698,North Indian
New Delhi,Greater Kailash (GK) 1,66,3.696969696969697,900.0,2.212121212121212,10571,Fast Food
New Delhi,Greater Kailash (GK) 2,66,3.553030303030303,912.8787878787879,2.1818181818181817,13894,North Indian
New Delhi,Kamla Nagar,65,3.295384615384615,456.15384615384613,1.4461538461538461,5412,North Indian
New Delhi,Delhi University-GTB Nagar,65,2.7384615384615385,484.61538461538464,1.4615384615384615,19490,Chinese
New Delhi,Paharganj,64,2.8109375,551.5625,1.6875,2866,North Indian
New Delhi,Vasundhara Enclave,62,0.8370967741935483,263.7096774193548,1.096774193548387,329,North Indian
New Delhi,Jail Road,61,2.5590163934426227,384.42622950819674,1.2131147540983607,1756,North Indian
Noida,Sector 72,61,1.2918032786885245,439.344262295082,1.4426229508196722,402,North Indian
New Delhi,Punjabi Bagh,60,3.393333333333333,707.5,1.9,4670,North Indian
New Delhi,Vikaspuri,60,2.8633333333333337,404.1666666666667,1.35,1332,North Indian
New Delhi,Tilak Nagar,60,1.3716666666666666,285.0,1.1166666666666667,360,North Indian
New Delhi,Palam,60,0.58,280.0,1.2,125,North Indian
New Delhi,Najafgarh,60,0.04833333333333333,268.3333333333333,1.0666666666666667,36,North Indian
New Delhi,Uttam Nagar,59,1.723728813559322,272.8813559322034,1.0847457627118644,296,North Indian
New Delhi,Laxmi Nagar,58,2.779310344827586,391.37931034482756,1.3275862068965518,2452,North Indian
New Delhi,Jangpura,57,1.9140350877192982,407.89473684210526,1.3333333333333333,2154,North Indian
New Delhi,Dilshad Garden,57,1.7105263157894737,406.140350877193,1.3333333333333333,1240,North Indian
New Delhi,Paschim Vihar,56,3.148214285714286,429.4642857142857,1.3928571428571428,2735,Fast Food
New Delhi,Kirti Nagar,56,3.0910714285714285,614.2857142857143,1.7678571428571428,2264,North Indian
New Delhi,East of Kailash,56,1.4285714285714286,389.4642857142857,1.3571428571428572,1159,North Indian
Gurgaon,Sector 56,54,1.6888888888888889,403.14814814814815,1.4074074074074074,650,North Indian
New Delhi,Naraina,54,1.4481481481481482,289.25925925925924,1.1481481481481481,370,North Indian
Noida,Sector 110,53,2.0490566037735847,543.3962264150944,1.6415094339622642,1813,North Indian
Gurgaon,Sector 14,52,2.598076923076923,448.0769230769231,1.4230769230769231,997,North Indian
New Delhi,Subhash Nagar,51,1.0686274509803921,255.88235294117646,1.1176470588235294,210,North Indian
New Delhi,East Patel Nagar,50,2.648,501.0,1.52,2603,North Indian
New Delhi,Preet Vihar,49,1.9183673469387754,437.7551020408163,1.3673469387755102,1502,North Indian
Gurgaon,Palam Vihar,49,0.9836734693877551,395.9183673469388,1.3061224489795917,205,North Indian
New Delhi,Netaji Subhash Place,48,3.529166666666667,600.0,1.6458333333333333,7662,Fast Food
New Delhi,Rohini,48,3.3520833333333333,494.7916666666667,1.5416666666666667,4514,North Indian
New Delhi,New Friends Colony,47,2.2617021276595746,555.3191489361702,1.574468085106383,1577,North Indian
New Delhi,IP Extension,47,1.823404255319149,400.0,1.297872340425532,1670,North Indian
New Delhi,Janakpuri,46,3.3152173913043477,598.9130434782609,1.7391304347826086,4011,North Indian
New Delhi,Chittaranjan Park,46,2.45,441.30434782608694,1.5217391304347827,2617,North Indian
New Delhi,Green Park,46,2.4347826086956523,677.6086956521739,1.826086956521739,5345,Chinese
Noida,Sector 41,45,2.2444444444444445,497.77777777777777,1.5333333333333334,1322,North Indian
New Delhi,Khan Market,44,3.715909090909091,1257.9545454545455,2.7045454545454546,28465,Italian
New Delhi,Daryaganj,43,1.8348837209302327,383.72093023255815,1.372093023255814,2579,North Indian
New Delhi,Munirka,43,1.5558139534883721,340.69767441860466,1.255813953488372,653,Chinese
Noida,Sector 132,43,0.958139534883721,445.3488372093023,1.3953488372093024,271,North Indian
Gurgaon,Sohna Road,42,3.261904761904762,666.6666666666666,1.880952380952381,2464,North Indian
New Delhi,Anand Vihar,42,2.1095238095238096,384.5238095238095,1.380952380952381,1314,Fast Food
New Delhi,Lajpat Nagar 1,42,1.4142857142857141,344.04761904761904,1.2380952380952381,1022,North Indian
Gurgaon,"Cyber Hub, DLF Cyber City",41,3.860975609756098,1321.9512195121952,2.8048780487804876,36185,North Indian
New Delhi,South Extension 2,41,2.760975609756098,624.390243902439,1.7560975609756098,2538,Chinese
Gurgaon,Old Railway Road,41,2.714634146341463,412.1951219512195,1.4146341463414633,598,North Indian
New Delhi,Nangloi,41,0.0,237.8048780487805,1.024390243902439,6,North Indian
New Delhi,Moti Nagar,40,1.8524999999999998,387.5,1.4,597,North Indian
New Delhi,Janpath,39,3.0230769230769234,961.5384615384615,2.2051282051282053,9134,North Indian
New Delhi,Gujranwala Town,39,2.0153846153846153,403.84615384615387,1.358974358974359,1021,North Indian
Gurgaon,Sector 29,38,3.892105263157895,1394.7368421052631,2.8684210526315788,20881,North Indian
Noida,Greater Noida,38,1.8631578947368421,468.42105263157896,1.5263157894736843,603,North Indian
New Delhi,GTB Nagar,38,1.5921052631578947,440.7894736842105,1.5263157894736843,2479,North Indian
New Delhi,R K Puram,38,1.3368421052631578,393.42105263157896,1.3421052631578947,2782,North Indian
Noida,"The Great India Place, Sector 38",37,2.6459459459459462,743.2432432432432,2.0,6380,North Indian
Gurgaon,Udyog Vihar,37,1.0621621621621622,462.1621621621622,1.4864864864864864,173,North Indian
New Delhi,Saket,36,2.8944444444444444,598.6111111111111,1.6944444444444444,3922,North Indian
New Delhi,Vasant Vihar,36,2.1805555555555554,550.0,1.5555555555555556,1064,Bakery
New Delhi,Vivek Vihar,36,1.9805555555555554,359.72222222222223,1.1944444444444444,966,Chinese
New Delhi,Tagore Garden,36,1.913888888888889,399.1666666666667,1.3333333333333333,1648,North Indian
New Delhi,Ashok Vihar Phase 1,36,1.7166666666666666,390.27777777777777,1.3611111111111112,984,Chinese
Gurgaon,Sector 31,35,2.8342857142857145,432.85714285714283,1.4285714285714286,2271,North Indian
Noida,Sector 50,35,2.4457142857142857,607.1428571428571,1.7142857142857142,3827,North Indian
New Delhi,Sainik Farms,35,0.7857142857142857,315.7142857142857,1.1428571428571428,120,North Indian
New Delhi,Geeta Colony,34,1.3588235294117648,322.05882352941177,1.2058823529411764,309,North Indian
New Delhi,MG Road,34,0.1735294117647059,348.52941176470586,1.2647058823529411,27,North Indian
New Delhi,Chanakyapuri,32,2.7,740.625,1.84375,1623,Chinese
New Delhi,Nehru Place,32,2.496875,625.0,1.53125,2721,North Indian
New Delhi,Alaknanda,32,2.346875,440.625,1.375,1037,North Indian
New Delhi,Mayur Vihar Phase 3,32,1.840625,376.5625,1.28125,423,North Indian
Noida,"DLF Mall of India, Sector 18,  Noida",31,3.8419354838709676,946.7741935483871,2.225806451612903,8277,Fast Food
New Delhi,Vijay Nagar,31,3.606451612903226,488.7096774193548,1.4838709677419355,12271,Chinese
Faridabad,Sector 15,31,3.429032258064516,485.48387096774195,1.4838709677419355,2601,Fast Food
New Delhi,Lodhi Colony,31,3.1838709677419357,838.7096774193549,2.032258064516129,6504,North Indian
Gurgaon,Sector 45,31,1.525806451612903,375.80645161290323,1.3548387096774193,1021,North Indian
Gurgaon,Sushant Lok,30,2.9133333333333336,566.6666666666666,1.7666666666666666,1086,North Indian
Noida,"Logix City Centre, Sector 32, Noida",30,1.9133333333333333,498.3333333333333,1.5666666666666667,289,Fast Food
New Delhi,Mayur Vihar Phase 2,29,2.810344827586207,346.55172413793105,1.2413793103448276,1651,Fast Food
Noida,Sector 15,29,1.596551724137931,375.86206896551727,1.206896551724138,691,North Indian
Noida,Sector 51,28,1.2357142857142858,467.85714285714283,1.6071428571428572,629,North Indian
Gurgaon,Golf Course Road,27,3.559259259259259,990.7407407407408,2.4444444444444446,3443,North Indian
Gurgaon,DLF Phase 1,27,2.855555555555555,579.6296296296297,1.7777777777777777,2658,Fast Food
New Delhi,"Pacific Mall, Tagore Garden",27,2.7222222222222223,587.0370370370371,1.7407407407407407,2182,Fast Food
New Delhi,Shakarpur,27,0.7629629629629631,311.1111111111111,1.1481481481481481,163,North Indian
New Delhi,Shahpur Jat,26,3.715384615384615,776.9230769230769,2.230769230769231,2882,Cafe
New Delhi,"V3S Mall, Laxmi Nagar",26,2.819230769230769,630.7692307692307,1.7692307692307692,2265,North Indian
New Delhi,Jama Masjid,26,2.465384615384615,319.2307692307692,1.1923076923076923,7422,Mughlai
Noida,Sector 27,26,2.1846153846153844,342.3076923076923,1.1538461538461537,584,North Indian
New Delhi,Sarita Vihar,26,1.5,325.0,1.2307692307692308,183,North Indian
New Delhi,"Select Citywalk Mall, Saket",25,3.764,904.0,2.2,9054,Desserts
New Delhi,Model Town 2,25,3.2560000000000002,498.0,1.48,1717,Fast Food
Noida,Sector 37,25,2.9960000000000004,440.0,1.36,2778,Fast Food
Gurgaon,"Unitech Infospace, Sector 21, Gurgaon",25,2.832,502.0,1.64,973,Fast Food
New Delhi,Yusuf Sarai,25,1.9680000000000002,372.0,1.24,931,North Indian
New Delhi,Majnu ka Tila,25,0.496,416.0,1.32,45,Chinese
New Delhi,Hauz Khas Village,24,3.845833333333333,1402.0833333333333,2.7916666666666665,32573,Continental
Gurgaon,"MGF Metropolitan Mall, MG Road",24,3.2416666666666667,835.4166666666666,2.125,3653,North Indian
Gurgaon,MG Road,24,3.1750000000000003,883.3333333333334,2.125,2301,Chinese
New Delhi,Vasant Kunj,23,3.526086956521739,891.304347826087,2.260869565217391,4003,Chinese
New Delhi,Karkardooma,23,3.4826086956521736,717.3913043478261,1.8695652173913044,3233,North Indian
New Delhi,"Moments Mall, Kirti Nagar",23,3.2347826086956526,567.3913043478261,1.6956521739130435,1477,North Indian
Noida,Sector 44,23,1.7695652173913046,445.6521739130435,1.5217391304347827,672,North Indian
New Delhi,Qutab Institutional Area,23,0.3782608695652174,310.8695652173913,1.2173913043478262,36,North Indian
New Delhi,Lajpat Nagar 2,22,3.1045454545454545,584.0909090909091,1.9545454545454546,1527,North Indian
New Delhi,Kailash Colony,22,2.0681818181818183,604.5454545454545,1.6818181818181819,3790,North Indian
Noida,Sector 12,22,1.3272727272727272,345.45454545454544,1.3181818181818181,1356,North Indian
Gurgaon,DLF Phase 4,21,3.804761904761905,750.0,2.1904761904761907,3414,North Indian
New Delhi,"Epicuria Food Mall, Nehru Place",21,3.338095238095238,969.047619047619,2.142857142857143,7449,North Indian
New Delhi,Jasola,21,3.0,607.1428571428571,1.8095238095238095,896,Fast Food
Gurgaon,Sector 17,21,0.1619047619047619,352.3809523809524,1.2380952380952381,266,North Indian
Athens,Athens,20,4.2,1812.7900000000002,1.6,12750,American
Valdosta,Valdosta,20,3.715,2790.7425,2.25,4200,Mexican
Dubuque,Dubuque,20,3.535,2313.6925,1.9,2021,American
New Delhi,"Dilli Haat, INA",20,3.225,492.5,1.35,1106,Chinese
Faridabad,Sector 37,20,1.5150000000000001,362.5,1.35,268,North Indian
New Delhi,Mehrauli,20,0.585,350.0,1.2,38,North Indian
Gurgaon,Sector 39,20,0.3,395.0,1.4,17,Chinese
New Delhi,Pandav Nagar,20,0.29,320.0,1.15,16,North Indian
Columbus,Columbus,19,4.010526315789474,2535.8973684210528,2.1052631578947367,5152,American
Albany,Albany,19,3.5631578947368423,2083.955263157895,1.736842105263158,1656,Steak
Noida,"Supertech Shopprix Mall, Sector 61",19,2.5157894736842104,713.1578947368421,2.1052631578947367,1396,North Indian
New Delhi,Lodhi Road,19,2.4210526315789473,628.9473684210526,1.6842105263157894,3316,North Indian
Faridabad,Suraj Kund,19,1.5421052631578949,389.4736842105263,1.4736842105263157,116,North Indian
Noida,Sector 53,19,1.3894736842105262,428.94736842105266,1.4736842105263157,682,North Indian
Gurgaon,Ardee City,19,0.47368421052631576,434.2105263157895,1.4736842105263157,77,North Indian
Boise,Boise,18,4.266666666666667,2544.266666666667,2.0,9525,American
Savannah,Savannah,18,4.188888888888889,3180.3333333333335,2.388888888888889,14185,American
Sioux City,Sioux City,18,3.783333333333333,1987.7083333333333,1.7222222222222223,2998,American
Allahabad,Civil Lines,18,3.3944444444444444,519.4444444444445,2.6666666666666665,1200,North Indian
Gurgaon,"Sushant Shopping Arcade, Sushant Lok, Gurgaon",18,3.1944444444444446,555.5555555555555,1.7222222222222223,598,North Indian
New Delhi,"Community Centre, New Friends Colony",18,2.927777777777778,666.6666666666666,1.7222222222222223,1517,North Indian
Noida,Sector 93,18,2.0833333333333335,413.8888888888889,1.4444444444444444,564,North Indian
Gurgaon,"Supermart 1, DLF Phase 4",17,3.7529411764705882,700.0,1.8823529411764706,3427,North Indian
Gurgaon,"DLF Galleria, DLF Phase 4",17,3.5823529411764703,767.6470588235294,1.8823529411764706,3208,Fast Food
Ghaziabad,"Shipra Mall, Indirapuram",17,3.0294117647058822,729.4117647058823,2.0588235294117645,1938,Fast Food
Gurgaon,"Vyapar Kendra, Sushant Lok",17,2.9529411764705884,376.47058823529414,1.2941176470588236,1498,North Indian
New Delhi,Prashant Vihar,17,1.6235294117647059,447.05882352941177,1.3529411764705883,127,Chinese
Faridabad,Sector 16,17,1.6058823529411765,379.4117647058824,1.1764705882352942,156,North Indian
Pocatello,Pocatello,16,3.45625,2146.725,1.875,2270,Pizza
New Delhi,Barakhamba Road,16,2.40625,440.625,1.4375,1786,North Indian
Noida,"Spice World Mall, Sector 25",16,1.90625,662.5,1.9375,1969,North Indian
Wellington City,Te Aro,15,4.3,3875.556666666667,3.1333333333333333,2184,Cafe
Augusta,Augusta,15,4.14,2766.89,2.2666666666666666,6406,American
Gurgaon,"DLF South Point Mall, Golf Course Road",15,3.7066666666666666,1120.0,2.533333333333333,2920,Bakery
Davenport,Davenport,15,3.546666666666667,2480.6600000000003,2.0,2310,American
New Delhi,"Basant Lok Market, Vasant Vihar",15,3.2199999999999998,900.0,2.2,1875,Fast Food
Gurgaon,"DLF Mega Mall, DLF Phase 1",15,2.8066666666666666,696.6666666666666,1.9333333333333333,1036,Fast Food
New Delhi,SDA,15,2.7933333333333334,523.3333333333334,1.6666666666666667,609,Bakery
New Delhi,Mayapuri Phase 2,15,2.5,366.6666666666667,1.1333333333333333,179,North Indian
New Delhi,Lawrence Road,15,1.9866666666666668,386.6666666666667,1.2666666666666666,903,Fast Food
New Delhi,Civil Lines,15,1.76,483.3333333333333,1.4666666666666666,771,Chinese
New Delhi,Ashok Vihar Phase 2,14,3.3785714285714286,767.8571428571429,2.0714285714285716,2343,North Indian
Noida,"Gardens Galleria, Sector 38 Noida",14,1.8857142857142857,867.8571428571429,2.0714285714285716,1483,Fast Food
New Delhi,"Worldmark 1, Aerocity",14,1.1500000000000001,582.1428571428571,1.8571428571428572,93,Fast Food
Faridabad,Sector 21,14,0.8357142857142856,307.14285714285717,1.1428571428571428,54,North Indian
New Delhi,Zakir Nagar,14,0.0,339.2857142857143,1.2142857142857142,4,Fast Food
New Delhi,"DLF Promenade Mall, Vasant Kunj",13,3.7615384615384615,573.0769230769231,1.6153846153846154,1946,Desserts
Waterloo,Cedar Falls,13,3.646153846153846,2054.984615384615,1.7692307692307692,1436,Pizza
New Delhi,PVR Anupam Complex,13,3.430769230769231,769.2307692307693,2.076923076923077,2412,Fast Food
New Delhi,Adchini,13,3.2923076923076926,823.0769230769231,2.0,1560,North Indian
Gurgaon,"Qutab Plaza, DLF Phase 1",13,3.1076923076923078,496.15384615384613,1.5384615384615385,545,Fast Food
New Delhi,"Living Style Mall, Jasola",13,2.9846153846153842,553.8461538461538,1.7692307692307692,817,North Indian
Noida,"Jaipuria Plaza, Sector 26, Noida",13,2.9692307692307693,457.6923076923077,1.5384615384615385,1502,Chinese
New Delhi,South Extension 1,13,2.169230769230769,507.6923076923077,1.6153846153846154,989,Fast Food
Noida,Sector 38,13,1.9769230769230768,476.9230769230769,1.5384615384615385,471,Fast Food
Noida,Sector 34,13,1.8615384615384616,500.0,1.5384615384615385,192,North Indian
New Delhi,Sarojini Nagar,13,1.5307692307692307,292.3076923076923,1.1538461538461537,475,Street Food
Noida,Sector 58,13,1.1538461538461537,338.46153846153845,1.3076923076923077,76,North Indian
Pensacola,Pensacola,12,4.2,2743.0375,2.25,10585,Italian
Lucknow,Gomti Nagar,12,4.116666666666666,795.8333333333334,2.5,3910,Cafe
New Delhi,Chawri Bazar,12,3.8000000000000003,162.5,1.0,1410,Street Food
New Delhi,"DLF Place Mall, Saket",12,3.6999999999999997,937.5,2.0833333333333335,5920,North Indian
New Delhi,"Ambience Mall, Vasant Kunj",12,3.4250000000000003,983.3333333333334,2.4166666666666665,2460,Chinese
Faridabad,"Crown Interiorz Mall, Sector 35, Faridabad",12,2.5666666666666664,733.3333333333334,2.0833333333333335,1603,Fast Food
Gurgaon,Sector 23,12,2.1750000000000003,612.5,1.8333333333333333,332,North Indian
Noida,Sector 63,12,0.43333333333333335,375.0,1.25,18,North Indian
New Delhi,Ashok Vihar Phase 3,11,3.3909090909090907,500.0,1.6363636363636365,485,North Indian
Faridabad,Sector 86,11,3.1727272727272724,509.09090909090907,1.7272727272727273,214,North Indian
Gurgaon,Sector 15,11,3.0090909090909093,490.90909090909093,1.5454545454545454,127,Chinese
Noida,Sector 16,11,2.190909090909091,550.0,1.6363636363636365,1975,Chinese
Faridabad,Sector 43,11,1.0727272727272728,359.09090909090907,1.3636363636363635,29,North Indian
Macon,Macon,10,4.3100000000000005,3100.825,2.3,2972,Sandwich
New Delhi,Pandara Road Market,10,3.8600000000000003,1110.0,2.4,7978,North Indian
Gurgaon,"Central Plaza Mall, Golf Course Road",10,3.5,760.0,2.0,1214,Fast Food
Gurgaon,Sector 7,10,3.2399999999999998,410.0,1.4,431,North Indian
New Delhi,Model Town 3,10,3.0100000000000002,465.0,1.4,571,North Indian
Faridabad,Sector 17,10,2.63,490.0,1.6,323,Chinese
New Delhi,Nizamuddin,10,2.56,455.0,1.3,995,Mughlai
New Delhi,JNU,10,2.5100000000000002,325.0,1.2,610,North Indian
Noida,Sector 48,10,2.29,460.0,1.5,116,Fast Food
Gurgaon,DLF Phase 2,10,0.38,370.0,1.3,300,North Indian
